,time,high,low,open,volumefrom,volumeto,close,conversionType,conversionSymbol,date
0,1495670400,0.0,0.0,0.0,0.0,0.0,0.0,direct,,2017-05-25
1,1495756800,0.0,0.0,0.0,0.0,0.0,0.0,direct,,2017-05-26
2,1495843200,0.0,0.0,0.0,0.0,0.0,0.0,direct,,2017-05-27
3,1495929600,0.0,0.0,0.0,0.0,0.0,0.0,direct,,2017-05-28
4,1496016000,0.0,0.0,0.0,0.0,0.0,0.0,direct,,2017-05-29
5,1496102400,0.0,0.0,0.0,0.0,0.0,0.0,direct,,2017-05-30
6,1496188800,0.0,0.0,0.0,0.0,0.0,0.0,direct,,2017-05-31
7,1496275200,0.0,0.0,0.0,0.0,0.0,0.0,direct,,2017-06-01
8,1496361600,0.0,0.0,0.0,0.0,0.0,0.0,direct,,2017-06-02
9,1496448000,0.0,0.0,0.0,0.0,0.0,0.0,direct,,2017-06-03
10,1496534400,0.0,0.0,0.0,0.0,0.0,0.0,direct,,2017-06-04
11,1496620800,0.0,0.0,0.0,0.0,0.0,0.0,direct,,2017-06-05
12,1496707200,0.0,0.0,0.0,0.0,0.0,0.0,direct,,2017-06-06
13,1496793600,0.0,0.0,0.0,0.0,0.0,0.0,direct,,2017-06-07
14,1496880000,0.0,0.0,0.0,0.0,0.0,0.0,direct,,2017-06-08
15,1496966400,0.0,0.0,0.0,0.0,0.0,0.0,direct,,2017-06-09
16,1497052800,0.0,0.0,0.0,0.0,0.0,0.0,direct,,2017-06-10
17,1497139200,0.0,0.0,0.0,0.0,0.0,0.0,direct,,2017-06-11
18,1497225600,0.0,0.0,0.0,0.0,0.0,0.0,direct,,2017-06-12
19,1497312000,0.0,0.0,0.0,0.0,0.0,0.0,direct,,2017-06-13
20,1497398400,0.0,0.0,0.0,0.0,0.0,0.0,direct,,2017-06-14
21,1497484800,0.0,0.0,0.0,0.0,0.0,0.0,direct,,2017-06-15
22,1497571200,0.0,0.0,0.0,0.0,0.0,0.0,direct,,2017-06-16
23,1497657600,0.0,0.0,0.0,0.0,0.0,0.0,direct,,2017-06-17
24,1497744000,0.0,0.0,0.0,0.0,0.0,0.0,direct,,2017-06-18
25,1497830400,0.0,0.0,0.0,0.0,0.0,0.0,direct,,2017-06-19
26,1497916800,0.0,0.0,0.0,0.0,0.0,0.0,direct,,2017-06-20
27,1498003200,0.0,0.0,0.0,0.0,0.0,0.0,direct,,2017-06-21
28,1498089600,0.0,0.0,0.0,0.0,0.0,0.0,direct,,2017-06-22
29,1498176000,0.0,0.0,0.0,0.0,0.0,0.0,direct,,2017-06-23
30,1498262400,0.0,0.0,0.0,0.0,0.0,0.0,direct,,2017-06-24
31,1498348800,0.0,0.0,0.0,0.0,0.0,0.0,direct,,2017-06-25
32,1498435200,0.0,0.0,0.0,0.0,0.0,0.0,direct,,2017-06-26
33,1498521600,0.0,0.0,0.0,0.0,0.0,0.0,direct,,2017-06-27
34,1498608000,0.0,0.0,0.0,0.0,0.0,0.0,direct,,2017-06-28
35,1498694400,0.0,0.0,0.0,0.0,0.0,0.0,direct,,2017-06-29
36,1498780800,0.0,0.0,0.0,0.0,0.0,0.0,direct,,2017-06-30
37,1498867200,0.0,0.0,0.0,0.0,0.0,0.0,direct,,2017-07-01
38,1498953600,0.0,0.0,0.0,0.0,0.0,0.0,direct,,2017-07-02
39,1499040000,0.0,0.0,0.0,0.0,0.0,0.0,direct,,2017-07-03
40,1499126400,0.0,0.0,0.0,0.0,0.0,0.0,direct,,2017-07-04
41,1499212800,0.0,0.0,0.0,0.0,0.0,0.0,direct,,2017-07-05
42,1499299200,0.0,0.0,0.0,0.0,0.0,0.0,direct,,2017-07-06
43,1499385600,0.0,0.0,0.0,0.0,0.0,0.0,direct,,2017-07-07
44,1499472000,0.0,0.0,0.0,0.0,0.0,0.0,direct,,2017-07-08
45,1499558400,0.0,0.0,0.0,0.0,0.0,0.0,direct,,2017-07-09
46,1499644800,0.0,0.0,0.0,0.0,0.0,0.0,direct,,2017-07-10
47,1499731200,0.0,0.0,0.0,0.0,0.0,0.0,direct,,2017-07-11
48,1499817600,0.0,0.0,0.0,0.0,0.0,0.0,direct,,2017-07-12
49,1499904000,0.0,0.0,0.0,0.0,0.0,0.0,direct,,2017-07-13
50,1499990400,0.0,0.0,0.0,0.0,0.0,0.0,direct,,2017-07-14
51,1500076800,0.0,0.0,0.0,0.0,0.0,0.0,direct,,2017-07-15
52,1500163200,0.0,0.0,0.0,0.0,0.0,0.0,direct,,2017-07-16
53,1500249600,0.0,0.0,0.0,0.0,0.0,0.0,direct,,2017-07-17
54,1500336000,0.0,0.0,0.0,0.0,0.0,0.0,direct,,2017-07-18
55,1500422400,0.0,0.0,0.0,0.0,0.0,0.0,direct,,2017-07-19
56,1500508800,0.0,0.0,0.0,0.0,0.0,0.0,direct,,2017-07-20
57,1500595200,0.0,0.0,0.0,0.0,0.0,0.0,direct,,2017-07-21
58,1500681600,0.0,0.0,0.0,0.0,0.0,0.0,direct,,2017-07-22
59,1500768000,0.0,0.0,0.0,0.0,0.0,0.0,direct,,2017-07-23
60,1500854400,0.0,0.0,0.0,0.0,0.0,0.0,direct,,2017-07-24
61,1500940800,0.0,0.0,0.0,0.0,0.0,0.0,direct,,2017-07-25
62,1501027200,0.0,0.0,0.0,0.0,0.0,0.0,direct,,2017-07-26
63,1501113600,0.0,0.0,0.0,0.0,0.0,0.0,direct,,2017-07-27
64,1501200000,0.0,0.0,0.0,0.0,0.0,0.0,direct,,2017-07-28
65,1501286400,0.0,0.0,0.0,0.0,0.0,0.0,direct,,2017-07-29
66,1501372800,0.0,0.0,0.0,0.0,0.0,0.0,direct,,2017-07-30
67,1501459200,0.0,0.0,0.0,0.0,0.0,0.0,direct,,2017-07-31
68,1501545600,0.0,0.0,0.0,0.0,0.0,0.0,direct,,2017-08-01
69,1501632000,0.0,0.0,0.0,0.0,0.0,0.0,direct,,2017-08-02
70,1501718400,0.0,0.0,0.0,0.0,0.0,0.0,direct,,2017-08-03
71,1501804800,0.0,0.0,0.0,0.0,0.0,0.0,direct,,2017-08-04
72,1501891200,0.0,0.0,0.0,0.0,0.0,0.0,direct,,2017-08-05
73,1501977600,0.0,0.0,0.0,0.0,0.0,0.0,direct,,2017-08-06
74,1502064000,0.0,0.0,0.0,0.0,0.0,0.0,direct,,2017-08-07
75,1502150400,0.0,0.0,0.0,0.0,0.0,0.0,direct,,2017-08-08
76,1502236800,0.0,0.0,0.0,0.0,0.0,0.0,direct,,2017-08-09
77,1502323200,0.0,0.0,0.0,0.0,0.0,0.0,direct,,2017-08-10
78,1502409600,0.0,0.0,0.0,0.0,0.0,0.0,direct,,2017-08-11
79,1502496000,0.0,0.0,0.0,0.0,0.0,0.0,direct,,2017-08-12
80,1502582400,0.0,0.0,0.0,0.0,0.0,0.0,direct,,2017-08-13
81,1502668800,3.291,1.197,2.966,1076.96,1707.57,1.586,multiply,ETH,2017-08-14
82,1502755200,1.519,1.092,1.586,2063.32,2950.0,1.43,multiply,ETH,2017-08-15
83,1502841600,2.26,1.341,1.43,1311.2,2963.77,2.26,multiply,ETH,2017-08-16
84,1502928000,2.252,1.204,2.26,908.63,1756.96,1.934,multiply,ETH,2017-08-17
85,1503014400,0.0,0.0,0.0,0.0,0.0,0.0,direct,,2017-08-18
86,1503100800,0.0,0.0,0.0,0.0,0.0,0.0,direct,,2017-08-19
87,1503187200,0.0,0.0,0.0,0.0,0.0,0.0,direct,,2017-08-20
88,1503273600,0.0,0.0,0.0,0.0,0.0,0.0,direct,,2017-08-21
89,1503360000,0.0,0.0,0.0,0.0,0.0,0.0,direct,,2017-08-22
90,1503446400,0.0,0.0,0.0,0.0,0.0,0.0,direct,,2017-08-23
91,1503532800,2.829,2.274,2.723,8699.54,20968.72,2.41,multiply,ETH,2017-08-24
92,1503619200,3.268,2.392,2.41,6782.49,17436.68,2.571,multiply,ETH,2017-08-25
93,1503705600,2.656,2.132,2.571,4293.16,10546.18,2.457,multiply,ETH,2017-08-26
94,1503792000,2.567,1.67,2.457,5109.31,9864.72,1.931,multiply,ETH,2017-08-27
95,1503878400,2.361,1.843,1.931,1847.19,3467.85,1.877,multiply,ETH,2017-08-28
96,1503964800,2.234,1.936,1.877,3951.14,8238.76,2.085,multiply,ETH,2017-08-29
97,1504051200,3.263,2.008,2.085,6930.43,15695.86,2.265,multiply,ETH,2017-08-30
98,1504137600,2.66,2.066,2.265,2563.55,5375.72,2.097,multiply,ETH,2017-08-31
99,1504224000,2.544,2.078,2.097,2316.1,5439.41,2.349,multiply,ETH,2017-09-01
100,1504310400,2.808,1.86,2.349,4771.85,9681.86,2.029,multiply,ETH,2017-09-02
101,1504396800,2.908,1.621,2.029,8300.52,15142.48,1.824,multiply,ETH,2017-09-03
102,1504483200,1.572,0.7957,1.824,16888.22,22741.78,1.347,multiply,ETH,2017-09-04
103,1504569600,1.41,0.8743,1.347,8643.72,8794.19,1.017,multiply,ETH,2017-09-05
104,1504656000,32.54,0.1796,1.017,19848.7,19508.65,0.9829,multiply,ETH,2017-09-06
105,1504742400,3.22,0.9726,0.9829,242870.95,335092.01,1.38,multiply,ETH,2017-09-07
106,1504828800,1.325,0.9662,1.38,2999287.5,3044086.3,1.015,multiply,ETH,2017-09-08
107,1504915200,1.033,0.8807,1.015,1187693.57,1139436.18,0.9594,multiply,ETH,2017-09-09
108,1505001600,1.016,0.9066,0.9594,955568.75,900634.54,0.9425,multiply,ETH,2017-09-10
109,1505088000,1.099,0.9239,0.9425,1072252.13,1086543.05,1.013,multiply,ETH,2017-09-11
110,1505174400,1.173,0.9879,1.013,1703952.27,1781525.55,1.046,multiply,ETH,2017-09-12
111,1505260800,0.9806,0.8854,1.046,852749.16,798109.36,0.9359,multiply,ETH,2017-09-13
112,1505347200,0.7678,0.6471,0.9359,1306156.8,874950.4,0.6699,multiply,ETH,2017-09-14
113,1505433600,0.8651,0.6622,0.6699,1556710.28,1263543.42,0.8117,multiply,ETH,2017-09-15
114,1505520000,0.9009,0.7482,0.8117,999802.91,804284.34,0.8044,multiply,ETH,2017-09-16
115,1505606400,0.8331,0.7752,0.8044,616306.04,483334.31,0.7842,multiply,ETH,2017-09-17
116,1505692800,0.9524,0.8545,0.7842,714281.02,640960.42,0.8974,multiply,ETH,2017-09-18
117,1505779200,0.8742,0.7799,0.8974,731475.4,585831.33,0.8009,multiply,ETH,2017-09-19
118,1505865600,0.8297,0.7409,0.8009,550807.9,411084.42,0.7463,multiply,ETH,2017-09-20
119,1505952000,0.7218,0.6663,0.7463,540363.21,373295.66,0.6908,multiply,ETH,2017-09-21
120,1506038400,0.7283,0.6865,0.6908,550709.9,393721.15,0.7149,multiply,ETH,2017-09-22
121,1506124800,0.8126,0.7669,0.7149,496744.12,382636.47,0.7703,multiply,ETH,2017-09-23
122,1506211200,0.7842,0.7359,0.7703,641685.53,499411.27,0.7783,multiply,ETH,2017-09-24
123,1506297600,0.9392,0.7965,0.7783,726300.75,666738.69,0.918,multiply,ETH,2017-09-25
124,1506384000,0.9193,0.8399,0.918,919986.89,790261.97,0.859,multiply,ETH,2017-09-26
125,1506470400,1.23,0.9039,0.859,1063587.33,1226739.89,1.153,multiply,ETH,2017-09-27
126,1506556800,1.449,1.102,1.153,1649808.74,2258296.43,1.369,multiply,ETH,2017-09-28
127,1506643200,1.345,1.15,1.369,986646.26,1238118.34,1.255,multiply,ETH,2017-09-29
128,1506729600,1.333,1.227,1.255,689721.76,882711.97,1.28,multiply,ETH,2017-09-30
129,1506816000,1.55,1.263,1.28,775820.71,1181175.82,1.522,multiply,ETH,2017-10-01
130,1506902400,2.004,1.478,1.522,1328404.71,2621593.0,1.973,multiply,ETH,2017-10-02
131,1506988800,1.995,1.685,1.973,1017444.04,1868987.67,1.837,multiply,ETH,2017-10-03
132,1507075200,1.849,1.503,1.837,707203.44,1146900.67,1.622,multiply,ETH,2017-10-04
133,1507161600,1.743,1.443,1.622,618390.37,1035227.68,1.674,multiply,ETH,2017-10-05
134,1507248000,1.801,1.556,1.674,559621.26,871022.42,1.556,multiply,ETH,2017-10-06
135,1507334400,1.633,1.504,1.556,432459.64,677075.16,1.566,multiply,ETH,2017-10-07
136,1507420800,1.609,1.216,1.566,761530.32,926246.05,1.216,multiply,ETH,2017-10-08
137,1507507200,147.52,1.167,1.216,1288344.34,1839032.51,1.427,multiply,ETH,2017-10-09
138,1507593600,1.488,1.338,1.427,791522.03,1125672.47,1.422,multiply,ETH,2017-10-10
139,1507680000,1.469,1.363,1.422,534350.75,768708.97,1.439,multiply,ETH,2017-10-11
140,1507766400,1.439,1.278,1.439,579168.93,778884.68,1.345,multiply,ETH,2017-10-12
141,1507852800,1.515,1.273,1.345,998130.82,1499117.6,1.502,multiply,ETH,2017-10-13
142,1507939200,1.521,1.295,1.502,339157.56,511464.29,1.508,multiply,ETH,2017-10-14
143,1508025600,1.674,1.404,1.508,644291.88,997536.5,1.548,multiply,ETH,2017-10-15
144,1508112000,1.556,1.344,1.548,320506.74,460628.76,1.437,multiply,ETH,2017-10-16
145,1508198400,1.391,1.315,1.437,170922.71,236945.69,1.386,multiply,ETH,2017-10-17
146,1508284800,1.411,1.311,1.386,251028.42,334191.84,1.331,multiply,ETH,2017-10-18
147,1508371200,1.353,1.245,1.331,304085.92,384666.3,1.265,multiply,ETH,2017-10-19
148,1508457600,194.97,1.216,1.265,224702.73,274590.91,1.222,multiply,ETH,2017-10-20
149,1508544000,1.255,1.198,1.222,189413.0,235465.46,1.243,multiply,ETH,2017-10-21
150,1508630400,46.19,1.176,1.243,217979.37,265599.21,1.218,multiply,ETH,2017-10-22
151,1508716800,1.241,1.141,1.218,324188.23,388420.94,1.198,multiply,ETH,2017-10-23
152,1508803200,1.334,1.127,1.198,839461.03,1045380.82,1.245,multiply,ETH,2017-10-24
153,1508889600,1.26,1.185,1.245,338412.62,426226.46,1.259,multiply,ETH,2017-10-25
154,1508976000,1.256,1.138,1.259,262522.54,320662.57,1.221,multiply,ETH,2017-10-26
155,1509062400,1.225,1.115,1.221,341176.51,403534.28,1.183,multiply,ETH,2017-10-27
156,1509148800,1.197,1.144,1.206,118651.37,140269.71,1.182,multiply,ETH,2017-10-28
157,1509235200,1.236,1.155,1.182,244809.38,301448.97,1.231,multiply,ETH,2017-10-29
158,1509321600,1.363,1.167,1.231,347670.18,462713.69,1.331,multiply,ETH,2017-10-30
159,1509408000,1.382,1.254,1.331,351276.71,466858.09,1.329,multiply,ETH,2017-10-31
160,1509494400,1.288,1.201,1.329,297873.68,377602.43,1.268,multiply,ETH,2017-11-01
161,1509580800,1.385,1.191,1.268,653624.12,847535.39,1.297,multiply,ETH,2017-11-02
162,1509667200,1.492,1.372,1.297,335013.48,489365.74,1.461,multiply,ETH,2017-11-03
163,1509753600,1.695,1.385,1.461,609438.54,998027.72,1.638,multiply,ETH,2017-11-04
164,1509840000,1.617,1.452,1.637,285764.04,434348.8,1.52,multiply,ETH,2017-11-05
165,1509926400,1.692,1.464,1.52,526115.53,827656.54,1.573,multiply,ETH,2017-11-06
166,1510012800,1.824,1.498,1.573,529792.3,950879.7,1.795,multiply,ETH,2017-11-07
167,1510099200,2.045,1.768,1.795,1056517.1,2143480.22,2.029,multiply,ETH,2017-11-08
168,1510185600,2.126,1.95,2.029,693075.47,1422341.4,2.052,multiply,ETH,2017-11-09
169,1510272000,1.906,1.656,2.052,748954.16,1367357.37,1.826,multiply,ETH,2017-11-10
170,1510358400,2.011,1.658,1.826,492982.16,828457.53,1.681,multiply,ETH,2017-11-11
171,1510444800,1.712,1.463,1.681,1260626.96,1944316.39,1.542,multiply,ETH,2017-11-12
172,1510531200,1.721,1.535,1.542,389391.38,660288.63,1.696,multiply,ETH,2017-11-13
173,1510617600,1.834,1.557,1.696,460482.99,716871.96,1.557,multiply,ETH,2017-11-14
174,1510704000,1.637,1.477,1.557,728809.59,1130149.29,1.551,multiply,ETH,2017-11-15
175,1510790400,1.718,1.529,1.551,656114.82,1031407.83,1.572,multiply,ETH,2017-11-16
176,1510876800,1.598,1.494,1.572,427194.82,644209.41,1.508,multiply,ETH,2017-11-17
177,1510963200,1.699,1.562,1.508,371076.77,614869.38,1.657,multiply,ETH,2017-11-18
178,1511049600,1.739,1.573,1.657,366156.94,589210.52,1.609,multiply,ETH,2017-11-19
179,1511136000,1.674,1.589,1.609,417064.17,670944.16,1.609,multiply,ETH,2017-11-20
180,1511222400,1.626,1.532,1.629,379150.27,601441.52,1.586,multiply,ETH,2017-11-21
181,1511308800,1.691,1.58,1.586,596551.33,959880.32,1.609,multiply,ETH,2017-11-22
182,1511395200,1.73,1.48,1.609,533245.54,829699.87,1.556,multiply,ETH,2017-11-23
183,1511481600,2.053,1.669,1.572,679722.7,1171288.02,1.723,multiply,ETH,2017-11-24
184,1511568000,1.963,1.626,1.713,590587.78,1118974.61,1.895,multiply,ETH,2017-11-25
185,1511654400,2.005,1.807,1.894,406487.81,761058.45,1.872,multiply,ETH,2017-11-26
186,1511740800,1.948,1.747,1.872,419846.18,818063.56,1.948,multiply,ETH,2017-11-27
187,1511827200,1.951,1.751,1.948,461743.33,884870.93,1.916,multiply,ETH,2017-11-28
188,1511913600,1.838,1.501,1.917,2600668.67,4618605.77,1.776,multiply,ETH,2017-11-29
189,1512000000,2.019,1.775,1.775,1140215.71,2256985.39,1.979,multiply,ETH,2017-11-30
190,1512086400,2.177,2.016,1.976,484359.07,1002266.37,2.069,multiply,ETH,2017-12-01
191,1512172800,2.084,2.0,2.069,254529.68,529202.43,2.079,multiply,ETH,2017-12-02
192,1512259200,2.4,2.082,2.079,491521.82,1113748.02,2.266,multiply,ETH,2017-12-03
193,1512345600,2.587,2.29,2.292,662902.22,1702409.13,2.568,multiply,ETH,2017-12-04
194,1512432000,2.687,2.449,2.547,698732.14,1803896.17,2.582,multiply,ETH,2017-12-05
195,1512518400,2.651,2.324,2.582,980013.0,2533071.59,2.585,multiply,ETH,2017-12-06
196,1512604800,3.522,2.696,2.585,3515345.0,9542702.6,2.715,multiply,BTC,2017-12-07
197,1512691200,2.998,2.343,2.712,3898886.0,10980649.24,2.816,multiply,BTC,2017-12-08
198,1512777600,2.688,2.46,2.818,2341519.0,6290863.14,2.687,multiply,BTC,2017-12-09
199,1512864000,2.756,2.364,2.686,1615487.0,4062874.2,2.515,multiply,BTC,2017-12-10
200,1512950400,2.891,2.52,2.514,2126416.0,5799571.28,2.727,multiply,BTC,2017-12-11
201,1513036800,3.712,2.647,2.671,754621.21,2025292.97,2.684,multiply,ETH,2017-12-12
202,1513123200,3.179,2.657,2.702,784148.38,2176863.65,2.776,multiply,ETH,2017-12-13
203,1513209600,3.236,2.587,2.776,1497441.54,4791041.06,3.199,multiply,ETH,2017-12-14
204,1513296000,331.05,3.15,3.199,1025604.49,4266885.54,4.16,multiply,ETH,2017-12-15
205,1513382400,4.781,3.799,4.159,886135.79,4167434.63,4.703,multiply,ETH,2017-12-16
206,1513468800,6.862,4.79,4.643,1221352.18,7443012.53,6.094,multiply,ETH,2017-12-17
207,1513555200,6.76,5.418,6.101,1025435.7,6191555.31,6.038,multiply,ETH,2017-12-18
208,1513641600,6.439,5.541,6.039,1547702.48,8953458.85,5.785,multiply,ETH,2017-12-19
209,1513728000,5.431,4.957,5.78,3515159.0,18135342.92,5.159,multiply,BTC,2017-12-20
210,1513814400,5.315,4.785,5.169,4627948.0,23996716.59,5.185,multiply,BTC,2017-12-21
211,1513900800,4.691,4.125,5.191,3373797.0,14826671.67,4.395,multiply,BTC,2017-12-22
212,1513987200,4.967,4.545,4.397,3192408.0,15396390.32,4.823,multiply,BTC,2017-12-23
213,1514073600,5.584,4.289,4.879,4475902.0,23664393.0,5.287,multiply,BTC,2017-12-24
214,1514160000,7.044,5.424,5.328,872120.59,5707520.82,6.544,multiply,ETH,2017-12-25
215,1514246400,11.11,6.66,6.544,1326295.82,12370483.13,9.327,multiply,ETH,2017-12-26
216,1514332800,10.63,8.294,9.297,9510731.0,95495895.95,10.04,multiply,BTC,2017-12-27
217,1514419200,9.575,8.337,10.05,5779704.0,54509246.71,9.431,multiply,BTC,2017-12-28
218,1514505600,9.427,8.492,9.431,3311437.0,28805757.68,8.699,multiply,BTC,2017-12-29
219,1514592000,7.756,7.293,8.733,3284495.0,25272064.88,7.694,multiply,BTC,2017-12-30
220,1514678400,9.05,8.116,7.695,3522244.0,30392736.21,8.629,multiply,BTC,2017-12-31
221,1514764800,8.48,8.184,8.629,2311953.0,19604635.06,8.48,multiply,BTC,2018-01-01
222,1514851200,9.394,7.805,8.494,4347773.0,38039531.58,8.749,multiply,BTC,2018-01-02
223,1514937600,9.7,8.063,8.749,3530760.0,33500006.66,9.488,multiply,BTC,2018-01-03
224,1515024000,9.685,8.273,9.448,1401384.69,12803759.77,9.137,multiply,ETH,2018-01-04
225,1515110400,17.41,8.742,9.216,2535151.3,38003223.59,14.99,multiply,ETH,2018-01-05
226,1515196800,23.83,14.79,15.04,2587125.71,58843827.6,22.74,multiply,ETH,2018-01-06
227,1515283200,22.01,18.19,22.74,5139462.03,95414189.88,18.57,multiply,BTC,2018-01-07
228,1515369600,18.93,16.17,18.68,8450318.75,153129626.29,18.12,multiply,BTC,2018-01-08
229,1515456000,19.2,16.8,18.14,5753731.57,101562395.57,17.65,multiply,BTC,2018-01-09
230,1515542400,18.17,16.41,17.55,3508452.07,61609259.43,17.56,multiply,BTC,2018-01-10
231,1515628800,23.49,15.22,17.56,9300552.42,198035695.42,21.29,multiply,BTC,2018-01-11
232,1515715200,25.44,20.18,21.19,9230555.37,206718706.76,22.4,multiply,BTC,2018-01-12
233,1515801600,23.46,21.21,22.37,3977055.11,87970730.45,22.12,multiply,BTC,2018-01-13
234,1515888000,21.41,19.6,22.12,2730891.24,56762317.55,20.79,multiply,BTC,2018-01-14
235,1515974400,23.52,18.27,20.79,6138667.14,120502350.26,19.63,multiply,BTC,2018-01-15
236,1516060800,16.31,7.903,19.63,10825782.96,147669421.68,13.64,multiply,BTC,2018-01-16
237,1516147200,15.07,11.61,13.65,6130702.05,88144521.85,14.38,multiply,BTC,2018-01-17
238,1516233600,15.39,13.9,14.39,4150141.92,59783812.3,14.41,multiply,BTC,2018-01-18
239,1516320000,17.63,14.43,14.29,3182106.3,47772495.0,15.01,multiply,BTC,2018-01-19
240,1516406400,16.81,15.85,15.01,4617430.7,74376485.85,16.11,multiply,BTC,2018-01-20
241,1516492800,14.78,13.44,16.2,4445628.24,62797007.96,14.13,multiply,BTC,2018-01-21
242,1516579200,13.4,12.53,14.16,4701294.01,60909001.24,12.96,multiply,BTC,2018-01-22
243,1516665600,13.46,12.63,12.98,2279561.63,30123189.45,13.21,multiply,BTC,2018-01-23
244,1516752000,14.4,13.61,13.21,3497972.17,48333878.21,13.82,multiply,BTC,2018-01-24
245,1516838400,13.61,12.29,13.92,4547269.75,59916421.09,13.18,multiply,BTC,2018-01-25
246,1516924800,13.28,12.79,13.19,5028949.93,66229164.45,13.17,multiply,BTC,2018-01-26
247,1517011200,13.64,13.2,13.18,4011690.85,53604300.83,13.36,multiply,BTC,2018-01-27
248,1517097600,13.87,13.34,13.36,3659374.43,49909514.98,13.64,multiply,BTC,2018-01-28
249,1517184000,13.12,12.64,13.66,3086185.28,39419848.13,12.77,multiply,BTC,2018-01-29
250,1517270400,11.6,11.23,12.81,1976505.33,22394276.71,11.33,multiply,BTC,2018-01-30
251,1517356800,11.51,10.84,11.34,1873475.7,20979952.2,11.2,multiply,BTC,2018-01-31
252,1517443200,10.22,9.002,11.25,2111663.11,19959365.05,9.452,multiply,BTC,2018-02-01
253,1517529600,10.38,8.055,9.443,2536243.37,24725915.69,9.749,multiply,BTC,2018-02-02
254,1517616000,10.28,9.621,9.76,1752110.53,17214220.93,9.825,multiply,BTC,2018-02-03
255,1517702400,8.736,8.226,9.816,1574022.0,13271711.68,8.432,multiply,BTC,2018-02-04
256,1517788800,7.152,6.243,8.432,1977756.73,13291797.13,6.721,multiply,BTC,2018-02-05
257,1517875200,8.464,7.017,6.735,2928805.93,24202015.74,8.263,multiply,BTC,2018-02-06
258,1517961600,8.329,7.707,8.317,2426588.08,19640414.5,8.094,multiply,BTC,2018-02-07
259,1518048000,8.864,8.748,8.08,41902.36,367949.38,8.781,multiply,BTC,2018-02-08
260,1518134400,10.04,8.697,8.78,3324777.63,32818554.32,9.871,multiply,BTC,2018-02-09
261,1518220800,9.94,9.212,9.871,2899631.44,26934996.45,9.289,multiply,BTC,2018-02-10
262,1518307200,8.974,8.384,9.289,2859319.15,24896449.17,8.707,multiply,BTC,2018-02-11
263,1518393600,9.776,9.25,8.715,1885023.55,17604255.59,9.339,multiply,BTC,2018-02-12
264,1518480000,9.109,8.852,9.366,1936027.25,17452604.08,9.015,multiply,BTC,2018-02-13
265,1518566400,10.67,9.723,9.015,2413688.43,25116231.33,10.41,multiply,BTC,2018-02-14
266,1518652800,11.51,10.64,10.44,2899049.98,31560851.87,10.89,multiply,BTC,2018-02-15
267,1518739200,11.31,10.78,10.9,2657646.08,29839998.26,11.23,multiply,BTC,2018-02-16
268,1518825600,12.54,11.72,11.25,2369674.07,27795686.72,11.73,multiply,BTC,2018-02-17
269,1518912000,11.02,10.52,11.73,1890276.99,20183736.42,10.68,multiply,BTC,2018-02-18
270,1518998400,11.63,11.06,10.7,2064394.55,22902269.25,11.09,multiply,BTC,2018-02-19
271,1519084800,11.19,9.808,11.1,2044850.79,20290119.98,9.923,multiply,BTC,2018-02-20
272,1519171200,9.747,9.097,9.93,1752766.94,16488786.64,9.407,multiply,BTC,2018-02-21
273,1519257600,8.981,8.69,9.445,1805212.88,16028342.07,8.879,multiply,BTC,2018-02-22
274,1519344000,9.97,9.067,8.901,2324543.57,22626858.07,9.734,multiply,BTC,2018-02-23
275,1519430400,9.318,8.856,9.768,2074131.97,18917067.7,9.12,multiply,BTC,2018-02-24
276,1519516800,9.416,8.997,9.122,2390214.84,22448803.37,9.392,multiply,BTC,2018-02-25
277,1519603200,10.13,9.772,9.404,2217492.68,22035648.19,9.937,multiply,BTC,2018-02-26
278,1519689600,11.18,10.18,9.929,4245131.23,44967151.32,10.59,multiply,BTC,2018-02-27
279,1519776000,10.58,10.13,10.59,3313676.63,34621687.23,10.45,multiply,BTC,2018-02-28
280,1519862400,11.22,10.34,10.47,3864094.46,40593511.89,10.51,multiply,BTC,2018-03-01
281,1519948800,10.62,10.13,10.48,2678624.14,27444665.26,10.25,multiply,BTC,2018-03-02
282,1520035200,10.78,10.12,10.25,2126124.72,21705089.65,10.21,multiply,BTC,2018-03-03
283,1520121600,10.63,10.16,10.22,1929269.96,20086594.38,10.41,multiply,BTC,2018-03-04
284,1520208000,10.41,9.964,10.41,2329131.91,23369392.09,10.03,multiply,BTC,2018-03-05
285,1520294400,9.597,9.161,10.05,1882144.6,17720371.93,9.415,multiply,BTC,2018-03-06
286,1520380800,9.581,8.266,9.426,3531845.37,32022397.83,9.067,multiply,BTC,2018-03-07
287,1520467200,8.518,8.022,9.073,2596984.97,21565343.81,8.304,multiply,BTC,2018-03-08
288,1520553600,8.317,7.708,8.309,1861071.43,15425718.36,8.289,multiply,BTC,2018-03-09
289,1520640000,7.908,7.589,8.317,2129792.88,16353097.63,7.678,multiply,BTC,2018-03-10
290,1520726400,8.409,8.118,7.677,1881720.17,15545001.38,8.261,multiply,BTC,2018-03-11
291,1520812800,8.045,7.837,8.26,2591582.37,20842410.8,8.042,multiply,BTC,2018-03-12
292,1520899200,11.05,7.866,8.022,1410855.31,14338678.84,10.16,multiply,ETH,2018-03-13
293,1520985600,9.598,8.711,10.19,6078739.47,54548957.02,8.974,multiply,BTC,2018-03-14
294,1521072000,9.509,8.847,8.972,4661268.06,42665191.91,9.153,multiply,BTC,2018-03-15
295,1521158400,9.244,8.863,9.136,4587748.99,41611511.17,9.07,multiply,BTC,2018-03-16
296,1521244800,9.121,8.569,9.103,4471241.31,40148391.52,8.979,multiply,BTC,2018-03-17
297,1521331200,9.374,8.717,8.986,4207907.74,37715482.96,8.963,multiply,BTC,2018-03-18
298,1521417600,9.563,8.701,9.004,3873324.36,35036828.91,9.046,multiply,BTC,2018-03-19
299,1521504000,9.411,9.055,9.054,3880129.34,35617300.35,9.179,multiply,BTC,2018-03-20
300,1521590400,10.15,9.063,9.188,4867063.5,48576759.08,9.981,multiply,BTC,2018-03-21
301,1521676800,10.64,9.693,9.981,4207529.36,42474175.21,10.09,multiply,BTC,2018-03-22
302,1521763200,12.45,10.09,10.09,6090319.32,71937667.85,11.81,multiply,BTC,2018-03-23
303,1521849600,14.34,11.13,11.79,7837454.48,102569392.68,13.09,multiply,BTC,2018-03-24
304,1521936000,14.13,12.34,13.25,6095804.9,78867686.43,12.94,multiply,BTC,2018-03-25
305,1522022400,12.51,11.23,12.95,3819976.51,45902147.23,12.02,multiply,BTC,2018-03-26
306,1522108800,11.76,10.9,12.04,3260038.25,37649340.4,11.55,multiply,BTC,2018-03-27
307,1522195200,12.14,11.39,11.56,3173077.19,37052013.65,11.68,multiply,BTC,2018-03-28
308,1522281600,10.53,10.14,11.68,2807351.48,28649320.33,10.21,multiply,BTC,2018-03-29
309,1522368000,10.41,9.753,10.2,2321221.83,24150009.75,10.4,multiply,BTC,2018-03-30
310,1522454400,11.31,10.3,10.42,2669773.16,29587112.08,11.08,multiply,BTC,2018-03-31
311,1522540800,11.25,10.8,11.09,2838272.43,31567015.29,11.12,multiply,BTC,2018-04-01
312,1522627200,12.73,11.26,11.12,3294069.82,41598044.03,12.63,multiply,BTC,2018-04-02
313,1522713600,14.04,12.52,12.63,3549672.36,47316067.3,13.33,multiply,BTC,2018-04-03
314,1522800000,12.51,11.4,13.33,2859621.6,34945123.57,12.22,multiply,BTC,2018-04-04
315,1522886400,12.61,12.02,12.21,2668828.81,33436102.15,12.53,multiply,BTC,2018-04-05
316,1522972800,12.41,12.09,12.53,2516170.83,30984882.85,12.31,multiply,BTC,2018-04-06
317,1523059200,12.87,12.21,12.31,2213309.55,27710927.72,12.52,multiply,BTC,2018-04-07
318,1523145600,12.79,12.13,12.52,1993638.48,24287025.82,12.18,multiply,BTC,2018-04-08
319,1523232000,12.09,11.58,12.17,2155941.15,25689386.59,11.92,multiply,BTC,2018-04-09
320,1523318400,12.56,11.97,11.92,2264542.51,27463100.13,12.13,multiply,BTC,2018-04-10
321,1523404800,12.37,11.95,12.15,2397057.5,29652683.52,12.37,multiply,BTC,2018-04-11
322,1523491200,14.25,12.5,12.35,3289734.31,42823565.88,13.02,multiply,BTC,2018-04-12
323,1523577600,13.95,12.59,13.01,3554545.21,48209485.78,13.56,multiply,BTC,2018-04-13
324,1523664000,13.84,13.0,13.56,2222404.38,29614403.12,13.33,multiply,BTC,2018-04-14
325,1523750400,14.11,12.91,13.33,2853002.73,37329978.02,13.08,multiply,BTC,2018-04-15
326,1523836800,12.68,12.21,13.08,1941741.79,23799950.65,12.26,multiply,BTC,2018-04-16
327,1523923200,12.26,11.65,12.26,2057579.2,24286077.87,11.8,multiply,BTC,2018-04-17
328,1524009600,12.51,11.56,11.82,2357763.6,29119464.28,12.35,multiply,BTC,2018-04-18
329,1524096000,12.69,12.15,12.35,2157792.84,26762929.99,12.4,multiply,BTC,2018-04-19
330,1524182400,13.27,12.58,12.41,1994737.72,25109158.88,12.59,multiply,BTC,2018-04-20
331,1524268800,14.12,12.55,12.61,3389678.04,45373242.36,13.39,multiply,BTC,2018-04-21
332,1524355200,13.39,12.74,13.38,2083722.01,26897883.26,12.91,multiply,BTC,2018-04-22
333,1524441600,13.94,13.0,12.91,3128783.21,42847177.21,13.69,multiply,BTC,2018-04-23
334,1524528000,15.92,14.42,13.68,4066288.14,61721660.85,15.18,multiply,BTC,2018-04-24
335,1524614400,14.53,13.03,15.18,2556187.1,34160045.26,13.36,multiply,BTC,2018-04-25
336,1524700800,15.12,13.96,13.36,2824395.37,41317009.76,14.63,multiply,BTC,2018-04-26
337,1524787200,14.3,13.84,14.66,2509090.38,35883886.54,14.3,multiply,BTC,2018-04-27
338,1524873600,15.42,14.89,14.3,2582344.33,39217514.02,15.19,multiply,BTC,2018-04-28
339,1524960000,15.31,14.68,15.18,1872197.85,28126108.58,15.02,multiply,BTC,2018-04-29
340,1525046400,14.89,14.12,15.04,1642561.73,23546282.55,14.34,multiply,BTC,2018-04-30
341,1525132800,14.22,13.71,14.33,1718026.9,24328217.5,14.16,multiply,BTC,2018-05-01
342,1525219200,14.49,14.15,14.16,1615792.75,23270996.84,14.4,multiply,BTC,2018-05-02
343,1525305600,15.33,14.57,14.41,2055049.05,30079855.86,14.64,multiply,BTC,2018-05-03
344,1525392000,14.72,14.27,14.64,1529927.32,21962753.53,14.36,multiply,BTC,2018-05-04
345,1525478400,14.61,14.15,14.36,1443555.36,20822194.02,14.42,multiply,BTC,2018-05-05
346,1525564800,14.76,13.8,14.43,1572645.66,22008828.33,13.99,multiply,BTC,2018-05-06
347,1525651200,13.76,13.13,13.99,1239870.27,17022320.08,13.73,multiply,BTC,2018-05-07
348,1525737600,13.57,13.17,13.75,1130053.34,15276412.61,13.52,multiply,BTC,2018-05-08
349,1525824000,14.91,13.42,13.52,2390289.75,35069150.03,14.67,multiply,BTC,2018-05-09
350,1525910400,14.63,13.62,14.65,1743952.09,24147446.46,13.85,multiply,BTC,2018-05-10
351,1525996800,13.25,12.43,13.85,1357151.22,17679998.45,13.03,multiply,BTC,2018-05-11
352,1526083200,13.19,12.59,13.04,1047613.57,13611739.25,12.99,multiply,BTC,2018-05-12
353,1526169600,13.63,12.87,13.0,2280223.57,30166604.76,13.23,multiply,BTC,2018-05-13
354,1526256000,13.17,12.79,13.21,1242565.37,15960211.54,12.84,multiply,BTC,2018-05-14
355,1526342400,12.89,12.53,12.85,1343187.91,16857863.61,12.55,multiply,BTC,2018-05-15
356,1526428800,12.38,12.17,12.57,1048353.17,12877463.11,12.28,multiply,BTC,2018-05-16
357,1526515200,12.82,11.87,12.29,1681873.86,20877536.7,12.41,multiply,BTC,2018-05-17
358,1526601600,16.57,12.51,12.41,7221602.45,109298338.16,15.13,multiply,BTC,2018-05-18
359,1526688000,15.76,13.89,15.15,4656180.74,66794907.24,14.35,multiply,BTC,2018-05-19
360,1526774400,14.94,13.71,14.35,3371008.4,47692062.73,14.15,multiply,BTC,2018-05-20
361,1526860800,14.86,13.74,14.15,3389302.82,50053448.08,14.77,multiply,BTC,2018-05-21
362,1526947200,14.39,13.58,14.74,2890252.62,40149653.8,13.89,multiply,BTC,2018-05-22
363,1527033600,13.08,12.12,13.91,2121184.83,26508673.89,12.5,multiply,BTC,2018-05-23
364,1527120000,13.06,12.51,12.5,2024546.88,26396382.47,13.04,multiply,BTC,2018-05-24
365,1527206400,13.19,12.76,13.03,1933040.45,25244452.68,13.06,multiply,BTC,2018-05-25
366,1527292800,12.94,12.64,13.08,1784119.01,22832806.12,12.8,multiply,BTC,2018-05-26
367,1527379200,12.88,12.42,12.8,1477471.96,18676647.56,12.64,multiply,BTC,2018-05-27
368,1527465600,12.32,11.7,12.64,1179252.04,14019572.78,11.89,multiply,BTC,2018-05-28
369,1527552000,12.74,12.33,11.92,1587057.52,20000778.92,12.6,multiply,BTC,2018-05-29
370,1527638400,12.61,12.28,12.62,1468148.03,18506151.41,12.61,multiply,BTC,2018-05-30
371,1527724800,14.25,12.66,12.61,2889176.71,41182570.4,14.25,multiply,BTC,2018-05-31
372,1527811200,14.56,13.93,14.24,2559004.24,36479452.86,14.26,multiply,BTC,2018-06-01
373,1527897600,14.89,14.25,14.29,2709293.99,39821173.21,14.7,multiply,BTC,2018-06-02
374,1527984000,15.09,14.36,14.7,2450714.82,36002677.61,14.69,multiply,BTC,2018-06-03
375,1528070400,14.32,13.7,14.69,1874282.26,26776170.3,14.29,multiply,BTC,2018-06-04
376,1528156800,15.72,14.5,14.29,2935119.86,45861280.69,15.63,multiply,BTC,2018-06-05
377,1528243200,17.52,15.38,15.64,3928401.03,67932503.47,17.29,multiply,BTC,2018-06-06
378,1528329600,17.48,16.18,17.29,3199632.02,52083714.14,16.28,multiply,BTC,2018-06-07
379,1528416000,16.53,15.75,16.31,2490689.08,40560261.95,16.28,multiply,BTC,2018-06-08
380,1528502400,16.55,15.78,16.28,2345944.44,37633002.96,16.04,multiply,BTC,2018-06-09
381,1528588800,14.62,13.66,16.06,1898932.71,26973372.28,14.2,multiply,BTC,2018-06-10
382,1528675200,15.53,14.08,14.2,2241839.33,34802609.64,15.52,multiply,BTC,2018-06-11
383,1528761600,15.56,14.43,15.5,2410475.76,36810648.34,15.27,multiply,BTC,2018-06-12
384,1528848000,15.12,13.96,15.25,2070509.98,30234280.39,14.6,multiply,BTC,2018-06-13
385,1528934400,15.55,14.62,14.6,1505994.06,22360527.07,14.85,multiply,BTC,2018-06-14
386,1529020800,15.28,14.25,14.86,1757955.77,26403572.88,15.02,multiply,BTC,2018-06-15
387,1529107200,15.9,15.11,15.02,2059386.46,32556914.89,15.81,multiply,BTC,2018-06-16
388,1529193600,17.0,15.61,15.82,2425552.26,40193010.25,16.57,multiply,BTC,2018-06-17
389,1529280000,17.83,16.71,16.63,2335866.64,39290734.7,16.82,multiply,BTC,2018-06-18
390,1529366400,17.0,16.07,16.85,1771043.12,29656718.35,16.75,multiply,BTC,2018-06-19
391,1529452800,16.92,15.83,16.75,1294734.64,20808377.99,16.07,multiply,BTC,2018-06-20
392,1529539200,17.41,15.83,16.06,2436007.97,41616435.88,17.08,multiply,BTC,2018-06-21
393,1529625600,15.79,14.94,17.09,2463344.11,38370239.57,15.58,multiply,BTC,2018-06-22
394,1529712000,16.16,15.52,15.57,1753663.86,27446029.31,15.65,multiply,BTC,2018-06-23
395,1529798400,15.68,14.16,15.66,1560301.28,22578781.24,14.47,multiply,BTC,2018-06-24
396,1529884800,15.15,14.07,14.47,1087754.74,16248004.77,14.94,multiply,BTC,2018-06-25
397,1529971200,14.67,13.82,14.96,717557.51,10109333.71,14.09,multiply,BTC,2018-06-26
398,1530057600,14.43,14.0,14.12,1040090.54,14640812.06,14.08,multiply,BTC,2018-06-27
399,1530144000,14.36,13.27,14.08,1469311.65,20824950.61,14.17,multiply,BTC,2018-06-28
400,1530230400,15.08,14.34,14.21,1144529.59,16600811.58,14.5,multiply,BTC,2018-06-29
401,1530316800,15.09,14.23,14.5,1028435.38,15084285.77,14.67,multiply,BTC,2018-06-30
402,1530403200,14.58,14.15,14.66,835684.09,11961607.95,14.31,multiply,BTC,2018-07-01
403,1530489600,15.02,14.27,14.33,1026429.78,14993447.05,14.61,multiply,BTC,2018-07-02
404,1530576000,14.5,13.85,14.62,1102477.39,15602069.21,14.15,multiply,BTC,2018-07-03
405,1530662400,14.37,13.77,14.17,717688.15,10050416.94,14.0,multiply,BTC,2018-07-04
406,1530748800,13.95,13.51,14.02,817258.98,11295437.01,13.82,multiply,BTC,2018-07-05
407,1530835200,14.02,13.34,13.78,718982.98,9645375.71,13.42,multiply,BTC,2018-07-06
408,1530921600,14.67,13.68,13.41,2147732.85,30378954.03,14.14,multiply,BTC,2018-07-07
409,1531008000,14.13,13.76,14.16,1500409.99,21003192.25,14.0,multiply,BTC,2018-07-08
410,1531094400,13.96,13.51,14.02,933274.34,12615758.64,13.52,multiply,BTC,2018-07-09
411,1531180800,12.92,12.46,13.54,837079.04,10717043.85,12.8,multiply,BTC,2018-07-10
412,1531267200,12.99,12.34,12.81,797582.47,10138858.53,12.71,multiply,BTC,2018-07-11
413,1531353600,12.55,12.1,12.72,574914.06,6978443.46,12.14,multiply,BTC,2018-07-12
414,1531440000,12.38,12.02,12.14,768573.27,9379850.32,12.2,multiply,BTC,2018-07-13
415,1531526400,12.32,12.01,12.2,612338.24,7404650.41,12.09,multiply,BTC,2018-07-14
416,1531612800,12.37,12.21,12.08,795562.65,9792166.04,12.31,multiply,BTC,2018-07-15
417,1531699200,13.89,12.86,12.35,1213841.1,16306639.56,13.43,multiply,BTC,2018-07-16
418,1531785600,14.73,13.44,13.4,1880477.8,25846959.0,13.74,multiply,BTC,2018-07-17
419,1531872000,13.95,12.77,13.8,1790897.14,23021055.03,12.85,multiply,BTC,2018-07-18
420,1531958400,13.55,12.78,12.85,1183366.24,15334660.3,12.96,multiply,BTC,2018-07-19
421,1532044800,12.79,11.74,12.97,909700.34,10981583.0,12.07,multiply,BTC,2018-07-20
422,1532131200,12.44,12.03,12.09,774682.99,9437097.55,12.18,multiply,BTC,2018-07-21
423,1532217600,12.28,11.96,12.18,566901.11,6874453.16,12.13,multiply,BTC,2018-07-22
424,1532304000,12.69,11.83,12.14,827998.08,9943601.17,12.01,multiply,BTC,2018-07-23
425,1532390400,13.11,12.0,12.02,1423754.95,17249030.78,12.12,multiply,BTC,2018-07-24
426,1532476800,13.51,11.77,12.12,2148288.58,27890146.76,12.98,multiply,BTC,2018-07-25
427,1532563200,13.48,12.45,13.01,1862462.72,24864723.8,13.35,multiply,BTC,2018-07-26
428,1532649600,14.34,13.47,13.35,1872290.36,26183155.02,13.98,multiply,BTC,2018-07-27
429,1532736000,15.09,13.71,13.99,672642.67,9874173.43,14.68,multiply,ETH,2018-07-28
430,1532822400,14.71,13.61,14.63,1501074.8,20980136.37,13.98,multiply,BTC,2018-07-29
431,1532908800,13.98,13.08,13.98,843806.27,11169498.31,13.24,multiply,BTC,2018-07-30
432,1532995200,14.17,12.38,13.21,2102395.21,29061369.25,13.82,multiply,BTC,2018-07-31
433,1533081600,14.12,13.25,13.85,1604785.81,21862817.14,13.62,multiply,BTC,2018-08-01
434,1533168000,14.25,13.15,13.65,1675236.71,23754185.11,14.18,multiply,BTC,2018-08-02
435,1533254400,14.32,13.68,14.18,2322278.18,32763339.65,14.11,multiply,BTC,2018-08-03
436,1533340800,13.97,13.06,14.12,2109327.83,29265591.66,13.87,multiply,BTC,2018-08-04
437,1533427200,14.03,13.31,13.88,1555563.71,21241524.57,13.66,multiply,BTC,2018-08-05
438,1533513600,13.79,13.23,13.7,1549778.36,21238199.75,13.7,multiply,BTC,2018-08-06
439,1533600000,13.35,12.79,13.7,1421841.89,18659834.83,13.12,multiply,BTC,2018-08-07
440,1533686400,12.38,11.78,13.14,1362839.31,16574188.94,12.16,multiply,BTC,2018-08-08
441,1533772800,13.09,12.45,12.17,1228075.12,15701543.34,12.79,multiply,BTC,2018-08-09
442,1533859200,12.15,11.78,12.82,1118710.59,13554369.43,12.12,multiply,BTC,2018-08-10
443,1533945600,12.35,11.27,12.12,841822.87,9848081.65,11.7,multiply,BTC,2018-08-11
444,1534032000,11.89,11.37,11.74,700822.61,8277566.22,11.81,multiply,BTC,2018-08-12
445,1534118400,11.74,10.02,11.81,1112863.22,11430939.27,10.27,multiply,BTC,2018-08-13
446,1534204800,10.24,8.729,10.32,1339857.4,12650921.24,9.442,multiply,BTC,2018-08-14
447,1534291200,10.64,9.349,9.423,1315086.21,12591239.95,9.574,multiply,BTC,2018-08-15
448,1534377600,9.871,9.359,9.556,837904.46,8181267.84,9.764,multiply,BTC,2018-08-16
449,1534464000,10.92,10.12,9.815,1149172.37,12512874.04,10.89,multiply,BTC,2018-08-17
450,1534550400,10.68,9.602,10.89,824613.17,8187460.89,9.929,multiply,BTC,2018-08-18
451,1534636800,10.37,9.929,9.942,730007.23,7428489.11,10.18,multiply,BTC,2018-08-19
452,1534723200,9.844,9.449,10.18,529840.33,5119272.71,9.662,multiply,BTC,2018-08-20
453,1534809600,10.01,9.496,9.662,415147.13,4047538.06,9.75,multiply,BTC,2018-08-21
454,1534896000,9.689,9.339,9.75,903434.76,8569560.86,9.486,multiply,BTC,2018-08-22
455,1534982400,9.815,9.593,9.486,766026.6,7518523.46,9.815,multiply,BTC,2018-08-23
456,1535068800,10.39,9.808,9.776,780934.42,7995107.38,10.24,multiply,BTC,2018-08-24
457,1535155200,10.31,10.03,10.23,696547.51,7052083.82,10.12,multiply,BTC,2018-08-25
458,1535241600,10.32,9.953,10.12,773091.02,7918148.52,10.24,multiply,BTC,2018-08-26
459,1535328000,11.62,10.44,10.24,1560487.58,17472103.54,11.2,multiply,BTC,2018-08-27
460,1535414400,11.57,11.08,11.19,1482203.87,17069654.31,11.52,multiply,BTC,2018-08-28
461,1535500800,11.47,10.89,11.53,1010477.49,11301657.19,11.18,multiply,BTC,2018-08-29
462,1535587200,11.13,10.58,11.18,713449.02,7694611.29,10.79,multiply,BTC,2018-08-30
463,1535673600,11.0,10.7,10.79,674647.16,7414483.9,10.99,multiply,BTC,2018-08-31
464,1535760000,11.67,11.27,11.01,909067.02,10418548.81,11.46,multiply,BTC,2018-09-01
465,1535846400,11.68,11.16,11.53,602031.25,6852719.64,11.38,multiply,BTC,2018-09-02
466,1535932800,11.43,11.17,11.35,548072.27,6199901.93,11.31,multiply,BTC,2018-09-03
467,1536019200,11.59,11.29,11.33,499324.51,5711285.09,11.44,multiply,BTC,2018-09-04
468,1536105600,10.51,9.856,11.44,818295.64,8164204.86,9.977,multiply,BTC,2018-09-05
469,1536192000,10.32,9.656,9.984,853683.91,8765884.13,10.27,multiply,BTC,2018-09-06
470,1536278400,10.12,9.759,10.29,661754.23,6597900.04,9.97,multiply,BTC,2018-09-07
471,1536364800,9.716,9.406,9.985,477687.36,4549229.66,9.523,multiply,BTC,2018-09-08
472,1536451200,9.617,9.311,9.511,426777.95,4056454.2,9.505,multiply,BTC,2018-09-09
473,1536537600,9.784,9.404,9.505,465344.42,4455759.85,9.575,multiply,BTC,2018-09-10
474,1536624000,9.538,9.254,9.575,669985.17,6276262.63,9.368,multiply,BTC,2018-09-11
475,1536710400,9.563,9.062,9.387,938087.49,8637741.53,9.208,multiply,BTC,2018-09-12
476,1536796800,9.706,9.4,9.195,980367.74,9400436.46,9.589,multiply,BTC,2018-09-13
477,1536883200,10.02,9.528,9.615,1051957.68,10411910.26,9.898,multiply,BTC,2018-09-14
478,1536969600,10.29,9.92,9.897,1103681.47,11135768.31,10.09,multiply,BTC,2018-09-15
479,1537056000,10.09,9.806,10.12,851773.36,8468527.3,9.942,multiply,BTC,2018-09-16
480,1537142400,9.674,9.292,9.942,889831.25,8340775.88,9.373,multiply,BTC,2018-09-17
481,1537228800,9.615,9.393,9.417,958168.82,9133603.31,9.532,multiply,BTC,2018-09-18
482,1537315200,9.809,9.528,9.539,959076.0,9236087.94,9.63,multiply,BTC,2018-09-19
483,1537401600,10.08,9.759,9.643,1069991.09,10748177.77,10.05,multiply,BTC,2018-09-20
484,1537488000,10.48,10.19,10.06,969691.33,10150407.76,10.47,multiply,BTC,2018-09-21
485,1537574400,10.42,10.1,10.47,616946.33,6327554.69,10.26,multiply,BTC,2018-09-22
486,1537660800,10.34,10.14,10.28,714949.12,7346273.15,10.28,multiply,BTC,2018-09-23
487,1537747200,10.13,9.915,10.3,686703.83,6885384.41,10.03,multiply,BTC,2018-09-24
488,1537833600,9.869,9.496,10.05,621532.79,6097930.15,9.811,multiply,BTC,2018-09-25
489,1537920000,9.855,9.59,9.811,659826.39,6400555.24,9.7,multiply,BTC,2018-09-26
490,1538006400,10.14,9.996,9.733,975138.6,9799414.88,10.05,multiply,BTC,2018-09-27
491,1538092800,10.09,9.86,10.06,969294.2,9653884.66,9.96,multiply,BTC,2018-09-28
492,1538179200,10.1,9.84,9.98,991217.06,9923356.48,10.01,multiply,BTC,2018-09-29
493,1538265600,10.05,9.916,10.0,945677.61,9471008.09,10.02,multiply,BTC,2018-09-30
494,1538352000,9.991,9.886,10.02,936433.05,9319217.67,9.952,multiply,BTC,2018-10-01
495,1538438400,10.58,9.801,9.952,1563400.83,16088436.06,10.29,multiply,BTC,2018-10-02
496,1538524800,10.45,10.06,10.31,1488079.99,15293366.48,10.28,multiply,BTC,2018-10-03
497,1538611200,10.42,10.23,10.28,1200629.65,12331729.8,10.27,multiply,BTC,2018-10-04
498,1538697600,10.84,10.29,10.27,1638495.85,17475631.39,10.67,multiply,BTC,2018-10-05
499,1538784000,10.72,10.33,10.67,1196922.09,12470366.36,10.42,multiply,BTC,2018-10-06
500,1538870400,10.56,10.37,10.41,1329904.25,14037457.01,10.56,multiply,BTC,2018-10-07
501,1538956800,10.66,10.49,10.56,1233946.0,12989824.58,10.53,multiply,BTC,2018-10-08
502,1539043200,10.58,10.25,10.53,1031817.27,10708974.88,10.38,multiply,BTC,2018-10-09
503,1539129600,10.41,10.21,10.37,1031694.31,10639385.42,10.31,multiply,BTC,2018-10-10
504,1539216000,9.83,9.215,10.33,870000.24,8087153.86,9.296,multiply,BTC,2018-10-11
505,1539302400,9.608,9.289,9.32,1021250.66,9703200.73,9.501,multiply,BTC,2018-10-12
506,1539388800,9.664,9.489,9.509,1059286.74,10150780.25,9.583,multiply,BTC,2018-10-13
507,1539475200,9.624,9.442,9.583,862398.22,8196649.41,9.504,multiply,BTC,2018-10-14
508,1539561600,10.4,9.588,9.504,1626105.18,16816742.41,10.34,multiply,BTC,2018-10-15
509,1539648000,10.3,9.921,10.34,1202755.44,12027136.98,10.0,multiply,BTC,2018-10-16
510,1539734400,10.1,9.875,10.01,1419608.95,14177202.85,9.987,multiply,BTC,2018-10-17
511,1539820800,9.895,9.681,9.99,1239700.73,12058062.31,9.727,multiply,BTC,2018-10-18
512,1539907200,9.807,9.607,9.741,1087081.74,10661476.42,9.807,multiply,BTC,2018-10-19
513,1539993600,9.84,9.736,9.807,972344.71,9510769.95,9.781,multiply,BTC,2018-10-20
514,1540080000,9.83,9.739,9.781,982631.66,9620793.76,9.791,multiply,BTC,2018-10-21
515,1540166400,9.777,9.692,9.778,1027128.98,10001988.35,9.738,multiply,BTC,2018-10-22
516,1540252800,9.861,9.699,9.746,1192886.76,11677696.78,9.789,multiply,BTC,2018-10-23
517,1540339200,9.812,9.669,9.803,1045438.48,10176093.0,9.734,multiply,BTC,2018-10-24
518,1540425600,9.746,9.655,9.734,1022031.64,9920943.44,9.707,multiply,BTC,2018-10-25
519,1540512000,9.712,9.647,9.707,955117.46,9263425.81,9.699,multiply,BTC,2018-10-26
520,1540598400,9.718,9.628,9.699,869404.66,8404042.75,9.666,multiply,BTC,2018-10-27
521,1540684800,9.706,9.622,9.673,902656.04,8737915.41,9.68,multiply,BTC,2018-10-28
522,1540771200,9.458,9.332,9.68,808212.12,7593232.14,9.395,multiply,BTC,2018-10-29
523,1540857600,9.445,9.35,9.402,749408.53,7040142.17,9.394,multiply,BTC,2018-10-30
524,1540944000,9.457,9.387,9.407,737908.87,6968919.32,9.444,multiply,BTC,2018-10-31
525,1541030400,9.61,9.476,9.451,803902.59,7689785.45,9.566,multiply,BTC,2018-11-01
526,1541116800,9.643,9.534,9.566,866503.09,8311488.97,9.592,multiply,BTC,2018-11-02
527,1541203200,9.622,9.507,9.605,842873.14,8056268.86,9.558,multiply,BTC,2018-11-03
528,1541289600,9.875,9.655,9.578,950717.31,9308581.28,9.791,multiply,BTC,2018-11-04
529,1541376000,9.741,9.644,9.785,835795.58,8103578.22,9.696,multiply,BTC,2018-11-05
530,1541462400,9.83,9.713,9.702,875217.58,8586143.59,9.81,multiply,BTC,2018-11-06
531,1541548800,9.899,9.795,9.804,834711.35,8197398.6,9.821,multiply,BTC,2018-11-07
532,1541635200,9.753,9.598,9.829,796513.85,7675892.22,9.637,multiply,BTC,2018-11-08
533,1541721600,9.561,9.478,9.643,762777.27,7278018.76,9.541,multiply,BTC,2018-11-09
534,1541808000,9.575,9.441,9.541,747788.19,7122080.49,9.524,multiply,BTC,2018-11-10
535,1541894400,9.561,9.42,9.531,751916.04,7126433.31,9.478,multiply,BTC,2018-11-11
536,1541980800,9.435,9.206,9.484,695199.93,6523838.01,9.384,multiply,BTC,2018-11-12
537,1542067200,9.407,9.154,9.378,623586.81,5735836.08,9.198,multiply,BTC,2018-11-13
538,1542153600,8.515,8.21,9.217,677305.17,5704762.97,8.423,multiply,BTC,2018-11-14
539,1542240000,8.324,8.127,8.421,804060.49,6602514.57,8.211,multiply,BTC,2018-11-15
540,1542326400,8.15,7.877,8.206,835137.58,6606070.48,7.91,multiply,BTC,2018-11-16
541,1542412800,7.908,7.479,7.922,870186.82,6750503.34,7.758,multiply,BTC,2018-11-17
542,1542499200,8.013,7.8,7.756,630674.44,5050037.76,8.007,multiply,BTC,2018-11-18
543,1542585600,6.863,6.373,8.007,1019831.39,6695326.98,6.565,multiply,BTC,2018-11-19
544,1542672000,6.121,5.539,6.551,1281660.56,7383681.82,5.761,multiply,BTC,2018-11-20
545,1542758400,6.196,5.819,5.761,760808.52,4710483.5,6.191,multiply,BTC,2018-11-21
546,1542844800,5.88,5.669,6.191,540623.18,3083334.88,5.703,multiply,BTC,2018-11-22
547,1542931200,5.746,5.49,5.716,488106.15,2717904.12,5.568,multiply,BTC,2018-11-23
548,1543017600,5.099,4.756,5.568,625243.62,3185699.66,5.095,multiply,BTC,2018-11-24
549,1543104000,5.289,4.949,5.091,519110.79,2683469.33,5.169,multiply,BTC,2018-11-25
550,1543190400,4.958,4.769,5.186,500686.09,2476623.28,4.946,multiply,BTC,2018-11-26
551,1543276800,5.008,4.817,4.958,442130.41,2173674.54,4.916,multiply,BTC,2018-11-27
552,1543363200,5.555,5.257,4.916,604723.09,3227990.45,5.338,multiply,BTC,2018-11-28
553,1543449600,5.461,5.315,5.342,503199.82,2700641.17,5.367,multiply,BTC,2018-11-29
554,1543536000,5.084,4.98,5.371,497688.81,2524393.38,5.072,multiply,BTC,2018-11-30
555,1543622400,5.352,5.234,5.072,410126.42,2167354.96,5.285,multiply,BTC,2018-12-01
556,1543708800,5.337,5.188,5.285,527554.04,2771987.59,5.254,multiply,BTC,2018-12-02
557,1543795200,5.11,4.878,5.259,706192.5,3608828.13,5.11,multiply,BTC,2018-12-03
558,1543881600,6.318,5.2,5.11,2408976.84,14181945.47,5.887,multiply,BTC,2018-12-04
559,1543968000,6.335,5.505,5.887,3515676.69,21155314.83,6.017,multiply,BTC,2018-12-05
560,1544054400,5.618,4.761,6.017,2370252.29,11565058.23,4.879,multiply,BTC,2018-12-06
561,1544140800,4.854,4.354,4.879,1488996.84,6748513.75,4.532,multiply,BTC,2018-12-07
562,1544227200,4.801,4.475,4.532,1098406.97,5147452.26,4.686,multiply,BTC,2018-12-08
563,1544313600,4.994,4.761,4.686,1089625.3,5273302.09,4.84,multiply,BTC,2018-12-09
564,1544400000,4.785,4.58,4.84,1108960.2,5182982.42,4.674,multiply,BTC,2018-12-10
565,1544486400,4.955,4.571,4.674,1447285.05,7132333.59,4.928,multiply,BTC,2018-12-11
566,1544572800,5.155,4.883,4.928,1071563.25,5389648.5,5.03,multiply,BTC,2018-12-12
567,1544659200,4.786,4.578,5.03,885655.02,4115625.29,4.647,multiply,BTC,2018-12-13
568,1544745600,4.646,4.449,4.647,892284.33,4044642.31,4.533,multiply,BTC,2018-12-14
569,1544832000,4.606,4.5,4.533,917805.43,4195076.74,4.571,multiply,BTC,2018-12-15
570,1544918400,4.704,4.561,4.571,1098071.22,5118867.45,4.662,multiply,BTC,2018-12-16
571,1545004800,5.145,4.996,4.662,1015243.75,5194484.47,5.116,multiply,BTC,2018-12-17
572,1545091200,5.696,5.295,5.116,1515485.88,8537078.4,5.633,multiply,BTC,2018-12-18
573,1545177600,5.665,5.381,5.633,1056394.12,5762997.97,5.455,multiply,BTC,2018-12-19
574,1545264000,6.095,5.648,5.455,1072138.77,6215040.13,5.797,multiply,BTC,2018-12-20
575,1545350400,5.603,5.439,5.797,1178196.64,6550423.46,5.56,multiply,BTC,2018-12-21
576,1545436800,6.108,5.724,5.56,1730029.78,10329617.24,5.971,multiply,BTC,2018-12-22
577,1545523200,6.18,5.851,5.971,1883333.21,11434769.55,6.072,multiply,BTC,2018-12-23
578,1545609600,6.327,6.045,6.072,1503598.48,9329173.0,6.205,multiply,BTC,2018-12-24
579,1545696000,5.833,5.484,6.205,948152.81,5286613.18,5.576,multiply,BTC,2018-12-25
580,1545782400,5.742,5.577,5.576,1257606.84,7187774.3,5.715,multiply,BTC,2018-12-26
581,1545868800,5.422,5.25,5.715,954750.83,5054568.02,5.294,multiply,BTC,2018-12-27
582,1545955200,6.119,5.673,5.294,1441809.81,8708856.81,6.04,multiply,BTC,2018-12-28
583,1546041600,5.847,5.756,6.04,1072602.16,6239429.65,5.817,multiply,BTC,2018-12-29
584,1546128000,6.039,5.907,5.817,1245502.3,7521744.7,6.039,multiply,BTC,2018-12-30
585,1546214400,6.243,5.797,6.039,2449783.19,15165844.08,6.191,multiply,BTC,2018-12-31
586,1546300800,6.418,6.084,6.191,1495005.34,9142131.67,6.115,multiply,BTC,2019-01-01
587,1546387200,6.286,6.128,6.115,1409433.1,8753796.85,6.211,multiply,BTC,2019-01-02
588,1546473600,6.018,5.88,6.211,1100875.28,6494671.71,5.9,multiply,BTC,2019-01-03
589,1546560000,6.191,5.947,5.9,1553326.63,9459793.85,6.09,multiply,BTC,2019-01-04
590,1546646400,6.153,6.011,6.09,1462015.52,8905891.22,6.092,multiply,BTC,2019-01-05
591,1546732800,6.634,6.339,6.092,1502117.23,9675849.83,6.441,multiply,BTC,2019-01-06
592,1546819200,6.379,6.258,6.441,1601627.02,10120078.93,6.319,multiply,BTC,2019-01-07
593,1546905600,6.837,6.295,6.319,3293107.65,21889397.69,6.647,multiply,BTC,2019-01-08
594,1546992000,6.922,6.464,6.676,373858.88,2501409.09,6.691,multiply,ETH,2019-01-09
595,1547078400,6.063,5.814,6.692,3436154.42,20431618.66,5.946,multiply,BTC,2019-01-10
596,1547164800,6.244,5.798,5.951,493004.63,2988454.65,6.062,multiply,ETH,2019-01-11
597,1547251200,6.029,5.812,6.062,181656.84,1086892.2,5.983,multiply,ETH,2019-01-12
598,1547337600,5.835,5.501,5.991,1231231.99,6877785.66,5.586,multiply,BTC,2019-01-13
599,1547424000,6.186,5.815,5.586,1995284.45,12334467.57,6.182,multiply,BTC,2019-01-14
600,1547510400,6.058,5.816,6.182,1256031.88,7422977.19,5.91,multiply,BTC,2019-01-15
601,1547596800,6.275,5.918,5.91,1943188.39,12023468.49,6.187,multiply,BTC,2019-01-16
602,1547683200,6.449,6.143,6.187,2031904.38,13096821.94,6.446,multiply,BTC,2019-01-17
603,1547769600,6.661,6.293,6.446,2292882.79,15072921.01,6.574,multiply,BTC,2019-01-18
604,1547856000,6.736,6.438,6.574,1702613.83,11303667.52,6.639,multiply,BTC,2019-01-19
605,1547942400,6.543,6.322,6.639,2373487.1,15327009.65,6.458,multiply,BTC,2019-01-20
606,1548028800,6.587,6.394,6.458,2581054.19,16926669.84,6.558,multiply,BTC,2019-01-21
607,1548115200,6.624,6.448,6.558,1891175.87,12343509.13,6.527,multiply,BTC,2019-01-22
608,1548201600,6.548,6.433,6.527,2088388.87,13629108.43,6.526,multiply,BTC,2019-01-23
609,1548288000,6.578,6.477,6.526,1592373.65,10360180.68,6.506,multiply,BTC,2019-01-24
610,1548374400,6.782,6.46,6.506,2686711.2,18029855.16,6.711,multiply,BTC,2019-01-25
611,1548460800,7.031,6.621,6.711,2831983.27,19810268.13,6.995,multiply,BTC,2019-01-26
612,1548547200,7.051,6.595,6.997,209891.88,1478676.23,7.045,multiply,ETH,2019-01-27
613,1548633600,7.188,6.116,7.045,811790.98,5033743.77,6.201,multiply,ETH,2019-01-28
614,1548720000,6.249,6.043,6.189,2577632.41,15833352.6,6.143,multiply,BTC,2019-01-29
615,1548806400,6.238,6.057,6.143,1818970.94,11188182.01,6.151,multiply,BTC,2019-01-30
616,1548892800,6.264,5.975,6.151,2018911.9,12576835.54,6.23,multiply,BTC,2019-01-31
617,1548979200,6.681,6.193,6.23,2573360.01,16773802.06,6.518,multiply,BTC,2019-02-01
618,1549065600,6.944,6.582,6.518,2895240.46,19920764.17,6.881,multiply,BTC,2019-02-02
619,1549152000,6.892,6.623,6.881,2680552.25,18170132.27,6.779,multiply,BTC,2019-02-03
620,1549238400,7.11,6.633,6.779,3065980.15,21597793.49,7.044,multiply,BTC,2019-02-04
621,1549324800,7.936,6.926,7.059,257931.98,2022214.48,7.84,multiply,ETH,2019-02-05
622,1549411200,8.45,7.313,7.809,4034275.03,32678465.02,8.1,multiply,BTC,2019-02-06
623,1549497600,8.388,7.871,8.1,1923072.01,15137018.17,7.871,multiply,BTC,2019-02-07
624,1549584000,8.839,8.294,7.871,2167626.37,18620106.49,8.59,multiply,BTC,2019-02-08
625,1549670400,8.901,8.451,8.59,3865490.65,34277962.27,8.868,multiply,BTC,2019-02-09
626,1549756800,9.434,8.866,8.868,4237141.82,38864392.95,9.172,multiply,BTC,2019-02-10
627,1549843200,9.711,8.956,9.172,4600011.94,43573819.27,9.473,multiply,BTC,2019-02-11
628,1549929600,9.763,8.935,9.473,3768612.2,34817699.88,9.239,multiply,BTC,2019-02-12
629,1550016000,9.209,8.715,9.239,3022111.55,26960022.56,8.921,multiply,BTC,2019-02-13
630,1550102400,8.972,8.401,8.921,2189579.54,19149429.08,8.746,multiply,BTC,2019-02-14
631,1550188800,9.437,8.729,8.746,2198161.54,20300613.79,9.235,multiply,BTC,2019-02-15
632,1550275200,9.38,9.032,9.235,2030666.43,18488391.53,9.105,multiply,BTC,2019-02-16
633,1550361600,9.306,8.968,9.105,1941662.43,17926133.93,9.232,multiply,BTC,2019-02-17
634,1550448000,9.961,9.429,9.232,1724042.13,16620753.11,9.641,multiply,BTC,2019-02-18
635,1550534400,10.99,9.552,9.641,2818353.97,29629465.09,10.51,multiply,BTC,2019-02-19
636,1550620800,11.4,10.56,10.51,2553411.26,27905306.05,10.93,multiply,BTC,2019-02-20
637,1550707200,10.85,10.07,10.93,1772427.05,18540854.72,10.46,multiply,BTC,2019-02-21
638,1550793600,11.05,10.51,10.46,1711756.03,18513127.52,10.82,multiply,BTC,2019-02-22
639,1550880000,11.27,10.62,10.82,1627608.44,17578303.43,10.8,multiply,BTC,2019-02-23
640,1550966400,10.18,9.508,10.8,1997647.48,19966073.05,9.995,multiply,BTC,2019-02-24
641,1551052800,10.69,9.374,10.02,750607.57,7320114.93,9.752,multiply,ETH,2019-02-25
642,1551139200,9.724,9.384,9.729,2332979.19,22036003.58,9.445,multiply,BTC,2019-02-26
643,1551225600,10.02,9.416,9.445,2740534.75,27106407.34,9.891,multiply,BTC,2019-02-27
644,1551312000,10.46,9.78,9.891,2793563.6,28784829.47,10.3,multiply,BTC,2019-02-28
645,1551398400,11.48,10.26,10.34,305370.83,3485336.07,11.41,multiply,ETH,2019-03-01
646,1551484800,11.93,10.79,11.41,315056.16,3747394.82,11.89,multiply,ETH,2019-03-02
647,1551571200,11.82,11.21,11.82,1963808.58,22512347.79,11.46,multiply,BTC,2019-03-03
648,1551657600,11.49,10.9,11.46,1593091.86,18248914.41,11.46,multiply,BTC,2019-03-04
649,1551744000,14.19,11.88,11.46,4537994.84,62219190.32,13.71,multiply,BTC,2019-03-05
650,1551830400,14.72,13.02,13.71,3642951.72,53289278.09,14.63,multiply,BTC,2019-03-06
651,1551916800,15.45,14.38,14.63,3879222.11,58649506.53,15.12,multiply,BTC,2019-03-07
652,1552003200,15.15,13.41,15.12,3765528.35,53847318.77,14.3,multiply,BTC,2019-03-08
653,1552089600,15.12,14.22,14.3,2713669.84,39273355.66,14.47,multiply,BTC,2019-03-09
654,1552176000,14.49,13.96,14.47,2398548.28,34621371.0,14.43,multiply,BTC,2019-03-10
655,1552262400,14.69,14.1,14.43,2578145.48,37172902.15,14.42,multiply,BTC,2019-03-11
656,1552348800,15.44,14.37,14.42,2898435.53,44496997.78,15.35,multiply,BTC,2019-03-12
657,1552435200,15.38,14.98,15.35,2537342.61,38261540.01,15.08,multiply,BTC,2019-03-13
658,1552521600,15.1,14.62,15.08,2355894.66,35141405.66,14.92,multiply,BTC,2019-03-14
659,1552608000,15.31,14.92,14.92,2352431.69,35179017.78,14.95,multiply,BTC,2019-03-15
660,1552694400,16.08,14.97,14.95,2534125.38,40625898.97,16.03,multiply,BTC,2019-03-16
661,1552780800,15.96,15.59,16.03,2254705.28,35354130.52,15.68,multiply,BTC,2019-03-17
662,1552867200,15.72,15.29,15.68,1598113.42,24829202.22,15.54,multiply,BTC,2019-03-18
663,1552953600,15.97,15.09,15.54,3019199.72,46909923.6,15.54,multiply,BTC,2019-03-19
664,1553040000,15.68,15.14,15.54,2066831.22,31366854.26,15.18,multiply,BTC,2019-03-20
665,1553126400,15.13,14.16,15.18,2099314.32,30265660.27,14.42,multiply,BTC,2019-03-21
666,1553212800,15.25,14.29,14.42,2140542.51,32534514.8,15.2,multiply,BTC,2019-03-22
667,1553299200,15.43,15.03,15.2,2071499.62,31394132.36,15.16,multiply,BTC,2019-03-23
668,1553385600,17.42,14.67,15.19,392517.61,6736567.78,17.16,multiply,ETH,2019-03-24
669,1553472000,17.04,16.05,17.13,2406618.98,40320263.24,16.75,multiply,BTC,2019-03-25
670,1553558400,16.83,15.63,16.75,2324046.08,37563793.84,16.16,multiply,BTC,2019-03-26
671,1553644800,17.03,16.3,16.16,2879154.44,47877395.27,16.63,multiply,BTC,2019-03-27
672,1553731200,16.78,16.49,16.63,2662257.33,44477977.93,16.71,multiply,BTC,2019-03-28
673,1553817600,17.08,16.45,16.71,2317025.52,38285686.8,16.52,multiply,BTC,2019-03-29
674,1553904000,17.04,16.17,16.52,2297837.22,39100258.16,17.02,multiply,BTC,2019-03-30
675,1553990400,17.78,16.81,17.02,2597494.44,45604401.08,17.56,multiply,BTC,2019-03-31
676,1554076800,18.34,17.45,17.56,2468072.8,44241191.58,17.93,multiply,BTC,2019-04-01
677,1554163200,21.24,19.25,17.93,2354207.93,46900850.08,19.92,multiply,BTC,2019-04-02
678,1554249600,20.38,17.98,19.92,2726356.92,51001963.84,18.71,multiply,BTC,2019-04-03
679,1554336000,19.62,18.3,18.71,2276366.94,43362734.01,19.05,multiply,BTC,2019-04-04
680,1554422400,19.76,19.19,19.05,2067672.96,40418709.31,19.55,multiply,BTC,2019-04-05
681,1554508800,19.6,18.58,19.55,1848552.71,35337682.27,19.12,multiply,BTC,2019-04-06
682,1554595200,19.66,18.93,19.12,1727504.57,32939111.44,19.07,multiply,BTC,2019-04-07
683,1554681600,19.44,18.13,19.07,1519000.41,27583116.34,18.16,multiply,BTC,2019-04-08
684,1554768000,18.68,17.24,18.16,2356271.12,43507639.07,18.46,multiply,BTC,2019-04-09
685,1554854400,18.99,17.87,18.46,2247299.62,41056795.45,18.27,multiply,BTC,2019-04-10
686,1554940800,17.75,16.66,18.27,1748915.81,30859124.87,17.64,multiply,BTC,2019-04-11
687,1555027200,18.93,17.2,17.64,2236241.81,41203915.96,18.43,multiply,BTC,2019-04-12
688,1555113600,18.74,18.04,18.43,2145026.8,40181485.91,18.73,multiply,BTC,2019-04-13
689,1555200000,20.27,18.81,18.73,2527474.35,49286008.26,19.5,multiply,BTC,2019-04-14
690,1555286400,19.51,18.59,19.5,2252230.46,43463051.01,19.3,multiply,BTC,2019-04-15
691,1555372800,20.2,19.29,19.3,2123137.25,41979069.56,19.77,multiply,BTC,2019-04-16
692,1555459200,19.96,19.45,19.77,2838003.44,55637801.45,19.6,multiply,BTC,2019-04-17
693,1555545600,22.16,19.64,19.6,5886697.24,129632309.45,22.02,multiply,BTC,2019-04-18
694,1555632000,24.98,21.49,22.02,4814932.77,117951994.43,24.5,multiply,BTC,2019-04-19
695,1555718400,25.63,24.1,24.5,3190835.16,79876323.34,25.03,multiply,BTC,2019-04-20
696,1555804800,24.94,22.89,25.03,2700651.78,65469000.76,24.24,multiply,BTC,2019-04-21
697,1555891200,25.2,22.73,24.24,2594229.76,62151854.77,23.96,multiply,BTC,2019-04-22
698,1555977600,24.89,22.51,23.96,2676308.41,60809442.33,22.72,multiply,BTC,2019-04-23
699,1556064000,23.38,21.07,22.72,2254868.65,52284585.49,23.19,multiply,BTC,2019-04-24
700,1556150400,22.43,21.22,23.19,2358479.31,52393544.78,22.21,multiply,BTC,2019-04-25
701,1556236800,23.24,21.9,22.21,2156037.8,49010302.84,22.73,multiply,BTC,2019-04-26
702,1556323200,22.79,22.03,22.73,1920552.44,42574356.54,22.17,multiply,BTC,2019-04-27
703,1556409600,23.02,22.3,22.15,2069598.61,47281068.54,22.85,multiply,BTC,2019-04-28
704,1556496000,22.76,21.36,22.85,1676943.97,36338437.61,21.67,multiply,BTC,2019-04-29
705,1556582400,22.47,21.86,21.67,1704032.69,37783605.72,22.17,multiply,BTC,2019-04-30
706,1556668800,22.36,21.63,22.17,1608868.56,35221851.65,21.89,multiply,BTC,2019-05-01
707,1556755200,24.14,22.01,21.89,2047657.9,48410921.7,23.64,multiply,BTC,2019-05-02
708,1556841600,24.94,22.9,23.64,2000823.79,47289240.26,23.63,multiply,BTC,2019-05-03
709,1556928000,24.04,22.79,23.63,1582793.62,36281292.35,22.92,multiply,BTC,2019-05-04
710,1557014400,23.18,22.64,22.92,1518575.94,35010590.71,23.05,multiply,BTC,2019-05-05
711,1557100800,22.88,21.89,23.05,1352875.42,30040843.18,22.21,multiply,BTC,2019-05-06
712,1557187200,22.58,20.22,22.21,1476822.66,30398650.46,20.58,multiply,BTC,2019-05-07
713,1557273600,22.06,19.59,20.58,2275274.53,47060759.24,20.68,multiply,BTC,2019-05-08
714,1557360000,21.29,18.55,20.68,2468895.66,46399482.41,18.79,multiply,BTC,2019-05-09
715,1557446400,20.24,18.57,18.79,2554837.0,50032735.21,19.58,multiply,BTC,2019-05-10
716,1557532800,23.04,19.96,19.58,3659846.43,77194428.36,21.09,multiply,BTC,2019-05-11
717,1557619200,21.24,19.48,21.09,2937685.92,61617244.73,20.97,multiply,BTC,2019-05-12
718,1557705600,26.14,22.8,20.97,5110220.62,120514402.18,23.58,multiply,BTC,2019-05-13
719,1557792000,24.65,23.01,23.58,4177043.72,99000055.15,23.7,multiply,BTC,2019-05-14
720,1557878400,36.12,23.79,23.7,3332390.35,89423957.15,26.83,multiply,BTC,2019-05-15
721,1557964800,27.28,25.31,26.83,3365709.58,88622579.19,26.33,multiply,BTC,2019-05-16
722,1558051200,26.24,23.94,26.33,3497771.75,90429515.04,25.85,multiply,BTC,2019-05-17
723,1558137600,29.06,25.11,25.85,3745451.8,108151426.1,28.88,multiply,BTC,2019-05-18
724,1558224000,32.69,28.68,28.88,3608409.7,105780728.53,29.32,multiply,BTC,2019-05-19
725,1558310400,29.91,28.06,29.32,3605841.72,106277492.23,29.47,multiply,BTC,2019-05-20
726,1558396800,32.9,28.21,29.47,6191299.19,201654435.52,32.57,multiply,BTC,2019-05-21
727,1558483200,31.45,30.0,32.57,4490135.2,138866586.22,30.93,multiply,BTC,2019-05-22
728,1558569600,32.59,31.16,30.93,4437912.96,139960706.6,31.54,multiply,BTC,2019-05-23
729,1558656000,35.14,31.73,31.54,4911474.92,168446692.32,34.3,multiply,BTC,2019-05-24
730,1558742400,37.69,34.11,34.3,5058448.73,178558128.1,35.3,multiply,BTC,2019-05-25
731,1558828800,38.26,33.05,35.3,3945782.35,132528014.81,33.59,multiply,BTC,2019-05-26
732,1558915200,35.36,32.72,33.59,4370782.49,147102995.47,33.66,multiply,BTC,2019-05-27
733,1559001600,34.81,32.83,33.66,3678609.88,123482003.85,33.57,multiply,BTC,2019-05-28
734,1559088000,34.42,31.86,33.57,3857968.97,130701930.15,33.88,multiply,BTC,2019-05-29
735,1559174400,33.57,30.68,33.88,3185798.91,100851740.98,31.66,multiply,BTC,2019-05-30
736,1559260800,32.92,31.95,31.66,3482551.17,114556526.94,32.89,multiply,BTC,2019-05-31
737,1559347200,34.37,32.58,32.89,3034672.41,101208695.74,33.35,multiply,BTC,2019-06-01
738,1559433600,34.08,33.13,33.35,2447560.45,81375871.95,33.25,multiply,BTC,2019-06-02
739,1559520000,30.88,29.93,33.25,2098495.32,64588035.76,30.78,multiply,BTC,2019-06-03
740,1559606400,30.08,28.72,30.78,2450790.47,71556754.79,29.2,multiply,BTC,2019-06-04
741,1559692800,31.13,29.24,29.2,2853690.65,88313175.62,30.95,multiply,BTC,2019-06-05
742,1559779200,31.98,30.63,30.95,2831788.65,88501500.12,31.25,multiply,BTC,2019-06-06
743,1559865600,32.23,31.43,31.25,2006519.26,63121762.15,31.46,multiply,BTC,2019-06-07
744,1559952000,32.12,31.12,31.46,3178775.91,101332789.71,31.88,multiply,BTC,2019-06-08
745,1560038400,30.83,30.09,31.88,2333053.71,70474261.51,30.21,multiply,BTC,2019-06-09
746,1560124800,32.5,31.61,30.21,3165235.21,101832678.35,32.17,multiply,BTC,2019-06-10
747,1560211200,32.07,31.36,32.17,2923120.76,93730293.95,32.07,multiply,BTC,2019-06-11
748,1560297600,35.3,33.05,32.07,3515249.89,123183278.48,35.04,multiply,BTC,2019-06-12
749,1560384000,36.94,34.24,35.04,3004166.18,105718382.16,35.19,multiply,BTC,2019-06-13
750,1560470400,37.37,30.89,35.19,5468012.99,177984841.19,32.55,multiply,BTC,2019-06-14
751,1560556800,34.8,32.55,32.55,3633912.74,119394242.28,32.86,multiply,BTC,2019-06-15
752,1560643200,33.62,31.35,32.86,2687827.54,86691078.35,32.25,multiply,BTC,2019-06-16
753,1560729600,34.72,32.88,32.25,2905710.99,98636487.58,33.95,multiply,BTC,2019-06-17
754,1560816000,34.87,32.95,33.95,3429538.25,118074758.27,34.43,multiply,BTC,2019-06-18
755,1560902400,36.3,35.1,34.43,3616405.02,127569889.68,35.28,multiply,BTC,2019-06-19
756,1560988800,38.22,35.39,35.28,4504685.13,166429001.72,36.95,multiply,BTC,2019-06-20
757,1561075200,39.87,37.95,36.95,3478956.64,135271576.46,38.88,multiply,BTC,2019-06-21
758,1561161600,41.19,37.18,38.88,2661791.55,100610965.14,37.8,multiply,BTC,2019-06-22
759,1561248000,39.32,35.66,37.8,2677453.39,99290847.09,37.08,multiply,BTC,2019-06-23
760,1561334400,38.45,37.17,37.08,2561705.21,95949441.15,37.46,multiply,BTC,2019-06-24
761,1561420800,39.85,35.1,37.46,2258366.35,80920693.8,35.83,multiply,BTC,2019-06-25
762,1561507200,39.89,33.23,35.83,3916187.7,139120348.66,35.52,multiply,BTC,2019-06-26
763,1561593600,35.69,29.38,35.52,3954572.93,134049263.95,33.9,multiply,BTC,2019-06-27
764,1561680000,38.39,33.82,33.9,2935158.4,101140458.16,34.46,multiply,BTC,2019-06-28
765,1561766400,35.87,32.5,34.46,2707585.66,95984643.51,35.45,multiply,BTC,2019-06-29
766,1561852800,32.2,30.77,35.45,2022856.31,64677410.77,31.97,multiply,BTC,2019-06-30
767,1561939200,33.7,30.83,31.97,2379762.27,78895195.02,33.15,multiply,BTC,2019-07-01
768,1562025600,37.36,31.38,33.15,3459519.15,110670652.43,31.99,multiply,BTC,2019-07-02
769,1562112000,35.55,32.42,31.99,2054149.13,67018513.46,32.63,multiply,BTC,2019-07-03
770,1562198400,33.34,30.2,32.63,2562136.9,84610213.44,33.02,multiply,BTC,2019-07-04
771,1562284800,33.4,31.81,33.02,1722883.9,56271017.59,32.66,multiply,BTC,2019-07-05
772,1562371200,33.42,31.8,32.66,1205842.67,39241959.19,32.54,multiply,BTC,2019-07-06
773,1562457600,33.96,32.86,32.54,1243662.91,41212154.08,33.14,multiply,BTC,2019-07-07
774,1562544000,36.64,33.11,33.14,1904525.97,63744765.17,33.47,multiply,BTC,2019-07-08
775,1562630400,34.68,32.47,33.47,1613387.26,52472916.27,32.52,multiply,BTC,2019-07-09
776,1562716800,32.24,29.28,32.52,2196526.57,68619331.55,31.24,multiply,BTC,2019-07-10
777,1562803200,30.93,28.05,31.24,1984699.28,58397897.36,29.42,multiply,BTC,2019-07-11
778,1562889600,34.07,30.05,29.42,3426211.58,109660235.12,32.01,multiply,BTC,2019-07-12
779,1562976000,31.82,30.73,32.01,2625225.17,82637354.81,31.48,multiply,BTC,2019-07-13
780,1563062400,28.77,27.9,31.48,3097613.44,88664135.76,28.62,multiply,BTC,2019-07-14
781,1563148800,30.53,27.91,28.62,3908645.79,111622654.32,28.56,multiply,BTC,2019-07-15
782,1563235200,25.62,24.51,28.56,5328344.52,133311094.12,25.02,multiply,BTC,2019-07-16
783,1563321600,28.08,25.36,25.02,5408732.32,149779720.95,27.69,multiply,BTC,2019-07-17
784,1563408000,32.77,28.9,27.69,6707517.64,194304893.94,28.97,multiply,BTC,2019-07-18
785,1563494400,29.89,28.64,28.97,5450233.16,158558075.61,29.09,multiply,BTC,2019-07-19
786,1563580800,31.71,29.65,29.09,3504332.95,109230197.31,31.17,multiply,BTC,2019-07-20
787,1563667200,31.06,29.92,31.17,2631003.72,80051457.33,30.43,multiply,BTC,2019-07-21
788,1563753600,32.01,29.45,30.43,2825852.87,87100477.28,30.82,multiply,BTC,2019-07-22
789,1563840000,29.5,28.76,30.82,2635363.57,77544234.02,29.42,multiply,BTC,2019-07-23
790,1563926400,29.23,28.14,29.42,2248929.06,64963567.49,28.89,multiply,BTC,2019-07-24
791,1564012800,29.24,28.6,28.89,1944095.94,56196246.72,28.91,multiply,BTC,2019-07-25
792,1564099200,29.09,28.59,28.91,2895243.98,83907197.08,28.98,multiply,BTC,2019-07-26
793,1564185600,27.9,27.21,28.98,1535994.76,42525816.22,27.69,multiply,BTC,2019-07-27
794,1564272000,27.89,27.5,27.69,1313801.12,36428970.95,27.73,multiply,BTC,2019-07-28
795,1564358400,27.66,26.91,27.73,1171113.38,31586286.83,26.97,multiply,BTC,2019-07-29
796,1564444800,27.25,26.62,26.97,1211121.54,32702453.46,27.0,multiply,BTC,2019-07-30
797,1564531200,28.89,27.67,27.0,1216078.58,33765170.88,27.77,multiply,BTC,2019-07-31
798,1564617600,30.08,28.38,27.77,2042435.04,58893856.0,28.84,multiply,BTC,2019-08-01
799,1564704000,29.17,27.65,28.84,1400270.46,39364967.9,28.11,multiply,BTC,2019-08-02
800,1564790400,28.99,27.32,28.11,1196038.21,33182323.44,27.74,multiply,BTC,2019-08-03
801,1564876800,28.48,27.28,27.74,1143778.66,31443837.19,27.49,multiply,BTC,2019-08-04
802,1564963200,29.58,27.54,27.49,1754067.94,49025218.96,27.95,multiply,BTC,2019-08-05
803,1565049600,27.98,26.05,27.95,1459034.43,40271261.17,27.6,multiply,BTC,2019-08-06
804,1565136000,30.52,28.0,27.6,2333757.86,69219938.56,29.66,multiply,BTC,2019-08-07
805,1565222400,32.15,29.37,29.66,3006844.5,93715112.73,31.17,multiply,BTC,2019-08-08
806,1565308800,31.41,29.63,31.17,1445626.72,43053188.18,29.78,multiply,BTC,2019-08-09
807,1565395200,29.62,27.87,29.78,1672910.3,49537873.48,29.61,multiply,BTC,2019-08-10
808,1565481600,30.93,29.95,29.61,1823784.91,55164000.54,30.25,multiply,BTC,2019-08-11
809,1565568000,30.42,29.76,30.25,1797077.56,54229756.29,30.18,multiply,BTC,2019-08-12
810,1565654400,29.47,28.75,30.18,1923522.89,56505685.4,29.38,multiply,BTC,2019-08-13
811,1565740800,27.56,26.53,29.38,1614498.7,43341762.72,26.85,multiply,BTC,2019-08-14
812,1565827200,28.56,25.78,26.85,1687818.79,47446791.78,28.11,multiply,BTC,2019-08-15
813,1565913600,28.55,27.34,28.11,1395243.5,38451158.16,27.56,multiply,BTC,2019-08-16
814,1566000000,27.58,27.12,27.56,1635699.74,44938193.98,27.47,multiply,BTC,2019-08-17
815,1566086400,27.95,27.28,27.47,1738454.54,48577344.02,27.94,multiply,BTC,2019-08-18
816,1566172800,29.98,28.83,27.94,1498758.69,43215961.04,28.83,multiply,BTC,2019-08-19
817,1566259200,28.61,27.96,28.83,1222163.8,34317591.15,28.08,multiply,BTC,2019-08-20
818,1566345600,27.18,26.23,28.08,1401224.94,37720761.26,26.92,multiply,BTC,2019-08-21
819,1566432000,27.27,26.8,26.92,1429600.02,38538822.07,26.96,multiply,BTC,2019-08-22
820,1566518400,27.93,26.98,26.96,1157524.73,31270787.03,27.02,multiply,BTC,2019-08-23
821,1566604800,26.75,26.19,27.02,1149781.24,30296254.74,26.35,multiply,BTC,2019-08-24
822,1566691200,26.4,25.86,26.35,1054093.86,27516977.39,26.1,multiply,BTC,2019-08-25
823,1566777600,27.27,25.91,26.1,1876845.06,48964031.94,26.09,multiply,BTC,2019-08-26
824,1566864000,25.76,24.72,26.09,1263315.15,32329885.9,25.59,multiply,BTC,2019-08-27
825,1566950400,25.01,23.35,25.59,1454130.23,33974241.24,23.36,multiply,BTC,2019-08-28
826,1567036800,22.81,21.57,23.36,1189839.82,25910554.15,21.78,multiply,BTC,2019-08-29
827,1567123200,22.56,21.89,21.78,1191483.65,26398672.3,22.16,multiply,BTC,2019-08-30
828,1567209600,22.35,21.1,22.16,1213204.89,25653356.17,21.15,multiply,BTC,2019-08-31
829,1567296000,22.03,21.39,21.15,1132349.6,24367820.38,21.52,multiply,BTC,2019-09-01
830,1567382400,23.8,22.41,21.52,1533749.07,35002205.17,22.82,multiply,BTC,2019-09-02
831,1567468800,23.52,22.32,22.82,1167496.64,26149252.1,22.4,multiply,BTC,2019-09-03
832,1567555200,22.62,21.52,22.4,1058185.81,22984674.51,21.72,multiply,BTC,2019-09-04
833,1567641600,23.62,21.36,21.72,2014039.15,45540032.8,22.61,multiply,BTC,2019-09-05
834,1567728000,22.48,21.39,22.61,1717839.47,37847916.2,22.03,multiply,BTC,2019-09-06
835,1567814400,22.87,22.21,22.03,1561207.54,35118992.42,22.49,multiply,BTC,2019-09-07
836,1567900800,22.57,22.24,22.49,1248720.24,28042505.93,22.46,multiply,BTC,2019-09-08
837,1567987200,22.43,21.98,22.46,980137.54,21706172.38,22.15,multiply,BTC,2019-09-09
838,1568073600,21.87,21.63,22.15,987272.69,21508610.57,21.79,multiply,BTC,2019-09-10
839,1568160000,21.92,20.59,21.79,957820.54,19861960.95,20.74,multiply,BTC,2019-09-11
840,1568246400,21.48,20.42,20.74,1469345.96,30616852.99,20.84,multiply,BTC,2019-09-12
841,1568332800,21.24,20.61,20.84,1371921.93,28588013.98,20.84,multiply,BTC,2019-09-13
842,1568419200,21.09,20.79,20.84,1266099.45,26602003.03,21.01,multiply,BTC,2019-09-14
843,1568505600,21.0,20.32,21.01,996764.82,20261201.04,20.33,multiply,BTC,2019-09-15
844,1568592000,20.71,20.12,20.33,894868.71,18144817.44,20.28,multiply,BTC,2019-09-16
845,1568678400,21.39,20.06,20.28,1607365.03,33769384.59,21.01,multiply,BTC,2019-09-17
846,1568764800,23.22,20.83,21.01,2991470.34,66370730.97,22.19,multiply,BTC,2019-09-18
847,1568851200,22.69,21.22,22.19,2141317.12,46275415.55,21.61,multiply,BTC,2019-09-19
848,1568937600,21.59,20.93,21.61,1819046.67,38725660.84,21.29,multiply,BTC,2019-09-20
849,1569024000,21.23,20.8,21.29,1802148.22,37783136.06,20.97,multiply,BTC,2019-09-21
850,1569110400,21.08,20.13,20.97,1270165.02,25892449.05,20.39,multiply,BTC,2019-09-22
851,1569196800,19.7,19.2,20.39,1028647.43,19854899.82,19.3,multiply,BTC,2019-09-23
852,1569283200,17.15,15.74,19.3,1757438.62,27939173.85,15.9,multiply,BTC,2019-09-24
853,1569369600,16.23,15.26,15.9,1581205.21,25403859.43,16.07,multiply,BTC,2019-09-25
854,1569456000,15.71,14.97,16.07,1355470.33,20653987.46,15.24,multiply,BTC,2019-09-26
855,1569542400,15.84,15.33,15.24,1194118.05,18744552.31,15.7,multiply,BTC,2019-09-27
856,1569628800,15.95,15.65,15.7,1149919.31,18128175.55,15.76,multiply,BTC,2019-09-28
857,1569715200,15.56,15.11,15.76,970863.29,14799200.58,15.24,multiply,BTC,2019-09-29
858,1569801600,15.92,15.67,15.24,1012498.76,16079416.06,15.88,multiply,BTC,2019-09-30
859,1569888000,16.0,15.77,15.88,974884.97,15471985.85,15.87,multiply,BTC,2019-10-01
860,1569974400,16.04,15.87,15.87,932520.63,14844528.69,15.92,multiply,BTC,2019-10-02
861,1570060800,15.76,15.57,15.92,851019.75,13347787.44,15.68,multiply,BTC,2019-10-03
862,1570147200,15.83,15.45,15.68,829452.92,12994474.79,15.67,multiply,BTC,2019-10-04
863,1570233600,15.81,15.6,15.67,819626.32,12921174.46,15.76,multiply,BTC,2019-10-05
864,1570320000,15.23,14.99,15.76,784451.07,11826134.84,15.08,multiply,BTC,2019-10-06
865,1570406400,16.13,15.68,15.08,1067548.24,17145401.26,16.06,multiply,BTC,2019-10-07
866,1570492800,16.11,15.83,16.06,876391.19,14049856.24,16.03,multiply,BTC,2019-10-08
867,1570579200,18.57,16.77,16.03,2383185.0,42391716.33,17.79,multiply,BTC,2019-10-09
868,1570665600,18.04,17.32,17.79,1576415.58,27767570.34,17.61,multiply,BTC,2019-10-10
869,1570752000,16.99,16.46,17.61,1205013.42,20000198.49,16.6,multiply,BTC,2019-10-11
870,1570838400,18.13,17.35,17.35,109777.69,1933827.19,17.43,direct,,2019-10-12
871,1570924800,18.48,17.12,17.22,2044614.09,37386041.31,18.29,multiply,BTC,2019-10-13
872,1571011200,18.83,18.0,18.29,1573598.42,29100038.4,18.49,multiply,BTC,2019-10-14
873,1571097600,18.82,17.85,18.49,2004431.23,37271731.25,18.59,multiply,BTC,2019-10-15
874,1571184000,18.35,17.48,18.59,1620807.53,28837319.73,17.79,multiply,BTC,2019-10-16
875,1571270400,18.83,17.83,17.79,1714274.42,31798497.41,18.55,multiply,BTC,2019-10-17
876,1571356800,18.5,17.98,18.55,1333121.78,24360460.95,18.27,multiply,BTC,2019-10-18
877,1571443200,18.35,18.03,18.27,1686840.57,30814505.74,18.27,multiply,BTC,2019-10-19
878,1571529600,18.97,18.29,18.27,1479759.25,27446671.12,18.55,multiply,BTC,2019-10-20
879,1571616000,18.49,18.01,18.55,1176728.02,21530276.34,18.3,multiply,BTC,2019-10-21
880,1571702400,18.32,17.76,18.3,1524117.89,27785096.65,18.23,multiply,BTC,2019-10-22
881,1571788800,17.0,16.45,18.23,1207254.54,20190428.48,16.72,multiply,BTC,2019-10-23
882,1571875200,17.08,16.5,16.72,1530407.3,26009438.27,17.0,multiply,BTC,2019-10-24
883,1571961600,20.4,18.54,17.0,2196350.14,40946259.15,18.64,multiply,BTC,2019-10-25
884,1572048000,19.93,17.44,18.64,1691154.19,32130960.51,19.0,multiply,BTC,2019-10-26
885,1572134400,20.06,18.7,19.0,1702301.52,32922451.82,19.34,multiply,BTC,2019-10-27
886,1572220800,20.18,18.27,19.34,1917837.37,38274099.58,19.96,multiply,BTC,2019-10-28
887,1572307200,21.16,20.25,19.96,1560066.98,32433829.08,20.79,multiply,BTC,2019-10-29
888,1572393600,20.29,19.42,20.79,1254104.6,25184920.3,20.08,multiply,BTC,2019-10-30
889,1572480000,20.2,19.57,20.08,1308514.87,26086449.13,19.94,multiply,BTC,2019-10-31
890,1572566400,20.45,19.02,19.16,303855.34,5857490.91,19.17,direct,,2019-11-01
891,1572652800,20.47,19.17,19.17,286374.46,5766145.41,20.31,direct,,2019-11-02
892,1572739200,20.47,19.91,20.31,262553.36,5351637.01,20.39,direct,,2019-11-03
893,1572825600,21.38,20.44,20.22,1352226.64,27964425.94,20.68,multiply,BTC,2019-11-04
894,1572912000,22.07,20.27,20.81,284986.76,5833068.23,20.31,direct,,2019-11-05
895,1572998400,20.47,20.29,20.31,282295.61,5753651.61,20.43,direct,,2019-11-06
896,1573084800,20.47,20.29,20.43,297499.32,6063614.23,20.33,direct,,2019-11-07
897,1573171200,19.7,19.27,20.4,1013290.18,19902237.2,19.64,multiply,BTC,2019-11-08
898,1573257600,20.47,20.28,20.4,276140.97,5626411.26,20.29,direct,,2019-11-09
899,1573344000,21.17,20.25,20.29,291867.55,5948357.45,20.32,direct,,2019-11-10
900,1573430400,20.48,20.26,20.32,297197.17,6057499.6,20.31,direct,,2019-11-11
901,1573516800,21.76,20.28,20.31,317783.18,6526101.59,20.41,direct,,2019-11-12
902,1573603200,21.74,19.48,20.41,343370.06,7001581.97,20.58,direct,,2019-11-13
903,1573689600,21.5,20.49,20.58,422065.8,8693783.65,20.54,direct,,2019-11-14
904,1573776000,20.84,20.05,20.54,342097.93,7048257.39,20.27,direct,,2019-11-15
905,1573862400,20.84,19.02,20.27,425063.45,8246466.43,19.32,direct,,2019-11-16
906,1573948800,21.48,19.21,19.32,413118.21,8021270.21,19.69,direct,,2019-11-17
907,1574035200,21.75,18.02,19.69,445330.63,8955706.99,18.14,direct,,2019-11-18
908,1574121600,20.72,17.67,18.14,497732.21,9034925.84,17.96,direct,,2019-11-19
909,1574208000,19.61,16.69,17.96,604618.0,10834981.98,17.68,direct,,2019-11-20
910,1574294400,53.21,16.83,17.68,606861.92,10618669.55,16.92,direct,,2019-11-21
911,1574380800,16.51,15.31,16.79,1739079.39,26986688.94,15.52,multiply,BTC,2019-11-22
912,1574467200,18.17,16.52,16.91,647912.19,10931889.29,16.9,direct,,2019-11-23
913,1574553600,16.98,15.08,16.9,563176.19,9496576.77,16.76,direct,,2019-11-24
914,1574640000,15.7,15.15,15.07,1442733.39,21956535.82,15.22,multiply,BTC,2019-11-25
915,1574726400,18.23,16.76,16.8,569011.31,9595208.38,16.82,direct,,2019-11-26
916,1574812800,16.95,15.3,16.82,598486.58,9687238.74,15.44,direct,,2019-11-27
917,1574899200,15.9,15.3,15.44,612925.92,9588517.39,15.58,direct,,2019-11-28
918,1574985600,17.79,15.3,15.58,947558.56,14800008.81,15.58,direct,,2019-11-29
919,1575072000,15.9,15.07,15.58,1117571.65,17429722.28,15.6,direct,,2019-11-30
920,1575158400,15.89,15.01,15.6,1066652.86,16634223.6,15.73,direct,,2019-12-01
921,1575244800,15.9,15.31,15.73,1044181.09,16288720.44,15.51,direct,,2019-12-02
922,1575331200,15.9,15.3,15.51,1105193.57,17244469.95,15.49,direct,,2019-12-03
923,1575417600,15.89,15.39,15.49,1094791.13,17083939.47,15.43,direct,,2019-12-04
924,1575504000,15.9,15.3,15.43,1087819.67,16986770.02,15.64,direct,,2019-12-05
925,1575590400,16.04,15.29,15.64,1107155.2,17471931.57,15.86,direct,,2019-12-06
926,1575676800,15.96,15.8,15.86,1061993.85,16867085.81,15.89,direct,,2019-12-07
927,1575763200,17.49,15.6,15.89,898435.9,14262920.85,15.85,direct,,2019-12-08
928,1575849600,17.19,15.79,15.85,1062229.26,16868400.19,15.94,direct,,2019-12-09
929,1575936000,15.96,14.95,15.94,978802.1,15483201.74,15.83,direct,,2019-12-10
930,1576022400,15.85,14.99,15.83,727998.93,11289889.21,15.3,direct,,2019-12-11
931,1576108800,15.55,15.24,15.3,682945.66,10506681.74,15.28,direct,,2019-12-12
932,1576195200,15.42,15.22,15.28,702681.4,10777601.09,15.32,direct,,2019-12-13
933,1576281600,15.42,14.6,15.32,742037.63,11339352.14,15.32,direct,,2019-12-14
934,1576368000,15.39,15.13,15.32,722911.12,11041773.08,15.31,direct,,2019-12-15
935,1576454400,15.8,14.72,15.31,378864.52,5796390.39,15.38,direct,,2019-12-16
936,1576540800,12.97,12.22,13.45,820547.08,10171295.74,12.4,multiply,BTC,2019-12-17
937,1576627200,14.2,13.42,12.4,1073826.18,14632151.01,13.63,multiply,BTC,2019-12-18
938,1576713600,13.44,13.14,13.63,763759.08,10186790.54,13.34,multiply,BTC,2019-12-19
939,1576800000,13.6,13.29,13.34,1039342.6,14052744.02,13.52,multiply,BTC,2019-12-20
940,1576886400,15.59,14.64,15.27,132899.02,2042921.0,15.58,direct,,2019-12-21
941,1576972800,14.16,13.7,13.34,748154.63,10326237.35,13.8,multiply,BTC,2019-12-22
942,1577059200,13.53,13.2,13.8,577845.75,7692532.37,13.31,multiply,BTC,2019-12-23
943,1577145600,13.43,13.18,13.31,770585.77,10283892.91,13.35,multiply,BTC,2019-12-24
944,1577232000,15.64,12.05,15.42,129804.32,1931670.52,12.89,direct,,2019-12-25
945,1577318400,13.29,13.05,13.07,623487.95,8196364.81,13.15,multiply,BTC,2019-12-26
946,1577404800,13.37,13.17,13.15,643381.88,8554567.65,13.3,multiply,BTC,2019-12-27
947,1577491200,15.48,14.46,14.8,128824.44,1917482.59,15.39,direct,,2019-12-28
948,1577577600,15.49,15.11,15.39,137606.68,2112228.28,15.35,direct,,2019-12-29
949,1577664000,14.1,13.75,14.13,1136061.64,15714287.8,13.83,multiply,BTC,2019-12-30
950,1577750400,13.83,13.6,13.83,1048175.34,14359644.9,13.7,multiply,BTC,2019-12-31
951,1577836800,13.8,13.57,13.7,987209.61,13507451.87,13.68,multiply,BTC,2020-01-01
952,1577923200,13.27,12.98,13.68,785533.68,10215864.91,13.0,multiply,BTC,2020-01-02
953,1578009600,14.0,13.59,13.0,741920.23,10128577.76,13.65,multiply,BTC,2020-01-03
954,1578096000,13.88,13.63,13.65,1026594.1,14169739.59,13.8,multiply,BTC,2020-01-04
955,1578182400,14.11,13.72,13.8,1326214.74,18614012.34,14.04,multiply,BTC,2020-01-05
956,1578268800,15.21,14.74,14.04,1361615.0,20367995.24,14.96,multiply,BTC,2020-01-06
957,1578355200,15.74,14.97,14.96,876285.49,13178933.73,15.04,multiply,BTC,2020-01-07
958,1578441600,14.83,14.14,15.04,972069.82,14115907.76,14.52,multiply,BTC,2020-01-08
959,1578528000,14.42,14.11,14.52,1036611.51,14878126.96,14.35,multiply,BTC,2020-01-09
960,1578614400,15.23,14.94,14.35,1124845.88,16942406.25,15.06,multiply,BTC,2020-01-10
961,1578700800,14.99,14.6,15.06,1280920.31,19128935.2,14.93,multiply,BTC,2020-01-11
962,1578787200,15.54,15.15,14.93,1322679.96,20279477.63,15.33,multiply,BTC,2020-01-12
963,1578873600,15.23,14.98,15.33,1026125.27,15571943.84,15.18,multiply,BTC,2020-01-13
964,1578960000,16.88,16.0,15.18,1340784.4,22293880.21,16.63,multiply,BTC,2020-01-14
965,1579046400,18.21,16.53,16.63,1950405.84,34361483.17,17.62,multiply,BTC,2020-01-15
966,1579132800,17.46,16.52,17.62,1110349.97,18918317.14,17.04,multiply,BTC,2020-01-16
967,1579219200,18.46,17.37,17.04,1673358.85,30185243.79,18.04,multiply,BTC,2020-01-17
968,1579305600,18.27,17.64,18.04,1226053.85,21802821.06,17.78,multiply,BTC,2020-01-18
969,1579392000,17.56,16.9,17.78,1015033.24,17649169.41,17.39,multiply,BTC,2020-01-19
970,1579478400,17.36,16.98,17.39,1035420.15,17897576.97,17.29,multiply,BTC,2020-01-20
971,1579564800,18.13,17.4,17.29,1319313.66,23850378.83,18.08,multiply,BTC,2020-01-21
972,1579651200,18.19,17.6,18.08,1002618.25,17849163.57,17.8,multiply,BTC,2020-01-22
973,1579737600,17.24,16.86,17.8,822283.36,14005125.35,17.03,multiply,BTC,2020-01-23
974,1579824000,17.33,16.75,17.03,847229.4,14458751.47,17.07,multiply,BTC,2020-01-24
975,1579910400,18.8,16.41,16.51,131038.17,2197029.41,16.51,direct,,2020-01-25
976,1579996800,17.63,17.39,16.97,913159.17,15962036.76,17.48,multiply,BTC,2020-01-26
977,1580083200,18.11,17.55,17.48,729650.81,12875854.54,17.65,multiply,BTC,2020-01-27
978,1580169600,18.73,17.96,17.65,740178.36,13395989.4,18.1,multiply,BTC,2020-01-28
979,1580256000,18.27,17.76,18.1,793784.43,14182237.09,17.87,multiply,BTC,2020-01-29
980,1580342400,18.62,18.16,17.87,1022815.87,18969852.71,18.55,multiply,BTC,2020-01-30
981,1580428800,18.67,18.0,18.55,838455.53,15297935.72,18.25,multiply,BTC,2020-01-31
982,1580515200,18.47,18.13,18.25,741126.88,13520652.48,18.24,multiply,BTC,2020-02-01
983,1580601600,18.58,18.05,18.24,883365.33,16284966.84,18.44,multiply,BTC,2020-02-02
984,1580688000,18.5,18.14,18.44,779911.87,14380471.78,18.44,multiply,BTC,2020-02-03
985,1580774400,18.3,17.95,18.44,677867.69,12291777.85,18.13,multiply,BTC,2020-02-04
986,1580860800,19.68,18.96,18.13,1258613.93,24242522.47,19.26,multiply,BTC,2020-02-05
987,1580947200,20.7,19.39,19.26,1623400.43,33496597.71,20.63,multiply,BTC,2020-02-06
988,1581033600,22.48,20.53,20.63,1971308.87,43446434.98,22.04,multiply,BTC,2020-02-07
989,1581120000,22.42,21.36,22.04,1358671.33,29600079.15,21.79,multiply,BTC,2020-02-08
990,1581206400,24.36,22.33,21.79,1769754.29,43090329.03,24.35,multiply,BTC,2020-02-09
991,1581292800,25.59,23.21,24.35,2624871.76,65958088.55,25.13,multiply,BTC,2020-02-10
992,1581379200,26.38,24.66,25.13,1897500.0,48968929.73,25.81,multiply,BTC,2020-02-11
993,1581465600,26.86,25.41,25.81,1753500.57,46433313.85,26.48,multiply,BTC,2020-02-12
994,1581552000,26.8,24.93,26.48,1815857.25,46232633.8,25.46,multiply,BTC,2020-02-13
995,1581638400,26.57,25.62,25.46,1945359.67,51394347.21,26.42,multiply,BTC,2020-02-14
996,1581724800,25.61,23.69,26.42,1941086.0,47068409.58,24.25,multiply,BTC,2020-02-15
997,1581811200,24.95,22.43,24.25,2004631.68,46837518.66,23.36,multiply,BTC,2020-02-16
998,1581897600,23.63,21.83,23.36,1911329.93,44878029.81,23.48,multiply,BTC,2020-02-17
999,1581984000,25.03,23.98,23.48,1540359.36,37126071.24,24.1,multiply,BTC,2020-02-18
1000,1582070400,23.12,22.0,24.1,1143071.39,25574692.81,22.37,multiply,BTC,2020-02-19
1001,1582156800,22.64,21.37,22.37,1174459.84,26057410.68,22.19,multiply,BTC,2020-02-20
1002,1582243200,22.8,21.94,22.19,1345813.18,29887952.88,22.21,multiply,BTC,2020-02-21
1003,1582329600,22.34,21.72,22.21,1087781.55,23944511.77,22.01,multiply,BTC,2020-02-22
1004,1582416000,23.15,22.67,22.01,1572310.57,36065690.69,22.94,multiply,BTC,2020-02-23
1005,1582502400,22.67,21.83,22.94,1102988.71,24356990.68,22.08,multiply,BTC,2020-02-24
1006,1582588800,21.32,20.12,22.08,1127987.65,22929625.52,20.33,multiply,BTC,2020-02-25
1007,1582675200,19.26,18.1,20.33,1443703.76,27066185.62,18.75,multiply,BTC,2020-02-26
1008,1582761600,19.42,18.28,18.75,1943282.26,37251009.86,19.17,multiply,BTC,2020-02-27
1009,1582848000,19.4,18.45,19.17,1618685.01,30880959.44,19.08,multiply,BTC,2020-02-28
1010,1582934400,19.92,18.54,19.08,2202690.72,42483473.56,19.29,multiply,BTC,2020-02-29
1011,1583020800,19.65,18.72,19.29,1706157.77,32367645.69,18.97,multiply,BTC,2020-03-01
1012,1583107200,20.17,19.69,18.97,2081314.36,41510854.68,19.94,multiply,BTC,2020-03-02
1013,1583193600,20.14,19.43,19.94,1789847.51,35222322.52,19.68,multiply,BTC,2020-03-03
1014,1583280000,20.16,19.64,19.68,2253951.35,45088535.07,20.0,multiply,BTC,2020-03-04
1015,1583366400,21.39,20.6,20.0,2690243.0,55955675.49,20.8,multiply,BTC,2020-03-05
1016,1583452800,21.8,20.96,20.8,2970026.14,63636232.14,21.43,multiply,BTC,2020-03-06
1017,1583539200,20.98,19.85,21.43,2033475.03,41280522.43,20.3,multiply,BTC,2020-03-07
1018,1583625600,18.48,16.84,20.3,1782566.67,30191728.03,16.94,multiply,BTC,2020-03-08
1019,1583712000,17.37,16.24,16.94,2089749.26,34764177.62,16.64,multiply,BTC,2020-03-09
1020,1583798400,17.01,16.44,16.64,2285162.07,38534673.73,16.86,multiply,BTC,2020-03-10
1021,1583884800,17.13,16.14,16.86,1592411.91,26417972.95,16.59,multiply,BTC,2020-03-11
1022,1583971200,10.28,8.875,16.59,3521250.75,33154807.23,9.416,multiply,BTC,2020-03-12
1023,1584057600,11.61,9.423,9.416,5153903.25,56956413.39,11.05,multiply,BTC,2020-03-13
1024,1584144000,10.46,10.1,11.05,3438620.96,34923560.15,10.16,multiply,BTC,2020-03-14
1025,1584230400,10.69,10.15,10.16,3139645.76,32545045.83,10.37,multiply,BTC,2020-03-15
1026,1584316800,9.843,9.318,10.37,2434247.91,23026463.82,9.459,multiply,BTC,2020-03-16
1027,1584403200,10.39,9.96,9.459,3184532.47,32738054.75,10.28,multiply,BTC,2020-03-17
1028,1584489600,10.6,10.31,10.28,2602141.62,27128766.83,10.43,multiply,BTC,2020-03-18
1029,1584576000,12.33,11.79,10.43,2819044.2,34661674.78,12.3,multiply,BTC,2020-03-19
1030,1584662400,12.53,11.24,12.3,2474032.0,29466112.91,11.91,multiply,BTC,2020-03-20
1031,1584748800,12.11,11.77,11.91,3065282.21,37126899.36,12.11,multiply,BTC,2020-03-21
1032,1584835200,11.41,11.09,12.11,2366145.76,26463494.38,11.18,multiply,BTC,2020-03-22
1033,1584921600,12.51,12.11,11.18,1923955.67,23561043.94,12.25,multiply,BTC,2020-03-23
1034,1585008000,12.75,12.36,12.25,1609142.29,20047303.52,12.46,multiply,BTC,2020-03-24
1035,1585094400,12.57,12.22,12.46,1486234.31,18336310.32,12.34,multiply,BTC,2020-03-25
1036,1585180800,13.3,12.37,12.34,1898084.71,25154063.83,13.25,multiply,BTC,2020-03-26
1037,1585267200,12.57,12.24,13.25,1516240.68,18784728.22,12.39,multiply,BTC,2020-03-27
1038,1585353600,12.3,11.97,12.39,1635904.26,19976211.73,12.21,multiply,BTC,2020-03-28
1039,1585440000,11.52,11.29,12.21,1473218.49,16655601.87,11.31,multiply,BTC,2020-03-29
1040,1585526400,12.42,12.06,11.31,1404192.89,17083816.51,12.17,multiply,BTC,2020-03-30
1041,1585612800,12.73,12.13,12.28,261436.19,3260516.41,12.55,direct,,2020-03-31
1042,1585699200,13.17,12.71,12.57,2076171.69,26549057.88,12.79,multiply,BTC,2020-04-01
1043,1585785600,13.3,12.89,12.79,2295089.02,29906075.54,13.03,multiply,BTC,2020-04-02
1044,1585872000,13.43,12.89,13.03,2690262.11,36030541.84,13.39,multiply,BTC,2020-04-03
1045,1585958400,14.06,13.19,13.37,397480.98,5416100.67,13.76,direct,,2020-04-04
1046,1586044800,13.96,13.42,13.76,348270.56,4777737.34,13.69,direct,,2020-04-05
1047,1586131200,15.33,14.63,13.7,2575544.92,39189730.05,15.22,multiply,BTC,2020-04-06
1048,1586217600,15.02,14.45,15.22,2167616.01,31907327.35,14.72,multiply,BTC,2020-04-07
1049,1586304000,15.53,15.11,14.71,1928960.0,29158448.13,15.12,multiply,ETH,2020-04-08
1050,1586390400,15.09,14.81,15.12,1738406.09,26127242.21,15.03,multiply,ETH,2020-04-09
1051,1586476800,14.45,13.74,15.03,2199485.11,30229262.34,13.74,multiply,ETH,2020-04-10
1052,1586563200,14.05,13.69,13.74,2076081.56,28744479.0,13.85,multiply,ETH,2020-04-11
1053,1586649600,14.43,13.82,13.85,2358183.0,33715001.31,14.3,multiply,ETH,2020-04-12
1054,1586736000,15.13,14.02,14.3,2892890.56,43560730.63,15.06,multiply,ETH,2020-04-13
1055,1586822400,15.91,15.08,15.06,2978056.62,46547114.31,15.63,multiply,ETH,2020-04-14
1056,1586908800,15.33,14.51,15.63,2826565.31,41208023.62,14.58,multiply,ETH,2020-04-15
1057,1586995200,16.84,15.47,14.58,2980607.57,46917808.74,15.74,multiply,ETH,2020-04-16
1058,1587081600,15.89,15.35,15.74,2597134.97,40706809.43,15.67,multiply,ETH,2020-04-17
1059,1587168000,17.46,16.56,15.67,2888310.79,48083091.49,16.65,multiply,ETH,2020-04-18
1060,1587254400,16.27,15.87,16.65,2872951.94,46184160.75,16.08,multiply,ETH,2020-04-19
1061,1587340800,15.33,14.85,16.08,2849931.63,42697937.87,14.98,multiply,ETH,2020-04-20
1062,1587427200,15.32,14.87,14.98,2437121.9,36861346.88,15.12,multiply,ETH,2020-04-21
1063,1587513600,16.23,15.66,15.12,2513976.71,39615027.79,15.76,multiply,ETH,2020-04-22
1064,1587600000,16.15,15.67,15.76,2518261.98,40451287.41,16.06,multiply,ETH,2020-04-23
1065,1587686400,16.27,15.88,16.06,2317085.25,36950539.95,15.95,multiply,ETH,2020-04-24
1066,1587772800,22.61,15.97,15.95,2282418.12,37060528.45,16.24,multiply,ETH,2020-04-25
1067,1587859200,16.63,16.27,16.24,2374416.54,38968412.33,16.41,multiply,ETH,2020-04-26
1068,1587945600,16.63,16.15,16.41,2431038.67,39887306.85,16.41,multiply,ETH,2020-04-27
1069,1588032000,16.65,16.27,16.41,2356761.07,38531212.29,16.35,multiply,ETH,2020-04-28
1070,1588118400,17.95,17.08,16.35,2834795.45,49335382.46,17.4,multiply,ETH,2020-04-29
1071,1588204800,17.09,16.32,17.4,2826433.16,48039889.52,17.0,multiply,ETH,2020-04-30
1072,1588291200,17.72,17.25,17.0,2795874.14,48770764.94,17.44,multiply,ETH,2020-05-01
1073,1588377600,17.64,17.42,17.44,2530162.72,44414161.38,17.55,multiply,ETH,2020-05-02
1074,1588464000,17.29,16.92,17.55,2776334.92,47530548.43,17.12,multiply,ETH,2020-05-03
1075,1588550400,17.52,16.83,17.12,2601440.8,44294792.86,17.03,multiply,ETH,2020-05-04
1076,1588636800,17.16,16.72,17.03,2479675.91,41923618.76,16.91,multiply,ETH,2020-05-05
1077,1588723200,16.45,16.1,16.91,2534452.73,41509180.64,16.38,multiply,ETH,2020-05-06
1078,1588809600,17.5,16.87,16.38,2744395.08,46731083.54,17.03,multiply,ETH,2020-05-07
1079,1588896000,17.26,16.84,17.03,2465816.14,42308496.51,17.16,multiply,ETH,2020-05-08
1080,1588982400,17.22,15.81,17.16,2540218.52,42695992.88,16.81,multiply,ETH,2020-05-09
1081,1589068800,15.37,14.27,16.81,2803964.93,43020592.37,15.34,multiply,ETH,2020-05-10
1082,1589155200,15.21,14.65,15.34,2600979.65,39238433.1,15.09,multiply,ETH,2020-05-11
1083,1589241600,16.07,15.18,15.09,2400773.7,37890424.59,15.78,multiply,ETH,2020-05-12
1084,1589328000,16.86,16.17,15.78,2294688.6,37205692.01,16.21,multiply,ETH,2020-05-13
1085,1589414400,16.81,16.28,16.21,2271738.58,37191373.79,16.37,multiply,ETH,2020-05-14
1086,1589500800,15.95,15.58,16.37,2036900.44,31972362.56,15.7,multiply,ETH,2020-05-15
1087,1589587200,19.02,15.93,15.7,2034088.15,32624322.65,16.04,multiply,ETH,2020-05-16
1088,1589673600,16.72,16.18,16.04,2095591.85,34140116.26,16.29,multiply,ETH,2020-05-17
1089,1589760000,17.05,16.55,16.29,2149906.71,35745518.29,16.63,multiply,ETH,2020-05-18
1090,1589846400,17.27,13.61,16.63,1982296.54,34121916.57,17.21,multiply,ETH,2020-05-19
1091,1589932800,16.99,16.71,17.21,1903979.46,32143804.71,16.88,multiply,ETH,2020-05-20
1092,1590019200,18.94,12.47,16.88,2008734.13,32347079.58,16.1,multiply,ETH,2020-05-21
1093,1590105600,16.98,14.14,16.1,1992555.04,33028954.19,16.58,multiply,ETH,2020-05-22
1094,1590192000,18.55,13.51,16.58,1832851.39,30224683.5,16.49,multiply,ETH,2020-05-23
1095,1590278400,16.07,15.81,16.49,1842769.36,29392973.27,15.95,multiply,ETH,2020-05-24
1096,1590364800,16.4,16.22,15.95,1955771.88,32029644.79,16.38,multiply,ETH,2020-05-25
1097,1590451200,16.3,16.02,16.38,1872809.23,30360221.3,16.21,multiply,ETH,2020-05-26
1098,1590537600,18.31,14.11,16.21,1882334.36,30988921.02,16.46,multiply,ETH,2020-05-27
1099,1590624000,17.67,17.08,16.46,2047984.66,35019894.62,17.1,multiply,ETH,2020-05-28
1100,1590710400,17.14,16.78,17.1,2034499.99,34561132.06,16.99,multiply,ETH,2020-05-29
1101,1590796800,18.9,17.49,16.99,1296370.84,23015531.05,17.75,multiply,ETH,2020-05-30
1102,1590883200,17.41,16.77,17.75,2117312.49,36189962.17,17.09,multiply,ETH,2020-05-31
1103,1590969600,18.36,17.76,17.09,1793169.16,32152761.04,17.93,multiply,ETH,2020-06-01
1104,1591056000,17.33,16.68,17.94,1974156.02,34105682.27,17.28,multiply,BTC,2020-06-02
1105,1591142400,18.02,17.53,17.26,1005109.23,17666329.72,17.58,multiply,ETH,2020-06-03
1106,1591228800,17.69,17.32,17.58,1064330.68,18630220.37,17.5,multiply,ETH,2020-06-04
1107,1591315200,17.71,17.22,17.5,1140013.72,20119282.25,17.65,multiply,ETH,2020-06-05
1108,1591401600,17.86,17.52,17.65,1020365.08,17888462.65,17.53,multiply,ETH,2020-06-06
1109,1591488000,17.86,17.37,17.53,1114956.02,19451277.43,17.45,multiply,ETH,2020-06-07
1110,1591574400,17.75,17.34,17.45,761578.31,13268951.71,17.42,multiply,ETH,2020-06-08
1111,1591660800,17.47,17.1,17.42,807094.43,14039213.91,17.39,multiply,ETH,2020-06-09
1112,1591747200,17.75,17.37,17.39,962446.29,16782737.16,17.44,multiply,ETH,2020-06-10
1113,1591833600,16.43,16.09,17.44,1079386.26,17510773.95,16.22,multiply,ETH,2020-06-11
1114,1591920000,16.89,16.51,16.22,1009410.77,16769893.88,16.61,multiply,ETH,2020-06-12
1115,1592006400,16.88,16.62,16.61,856213.51,14415795.28,16.84,multiply,ETH,2020-06-13
1116,1592092800,16.56,16.31,16.84,770141.79,12741150.53,16.54,multiply,ETH,2020-06-14
1117,1592179200,16.61,16.2,16.54,1102931.84,18046858.11,16.36,multiply,ETH,2020-06-15
1118,1592265600,16.91,16.35,16.36,904601.46,14836858.39,16.4,multiply,ETH,2020-06-16
1119,1592352000,16.59,12.47,16.4,967199.14,15826472.97,16.36,multiply,ETH,2020-06-17
1120,1592438400,16.37,16.07,16.36,811526.34,13089100.22,16.13,multiply,ETH,2020-06-18
1121,1592524800,22.02,15.91,16.13,776547.8,12396776.46,15.96,multiply,ETH,2020-06-19
1122,1592611200,16.09,15.85,15.96,725061.21,11653659.26,16.07,multiply,ETH,2020-06-20
1123,1592697600,16.17,15.84,16.07,598282.76,9533294.88,15.93,multiply,ETH,2020-06-21
1124,1592784000,17.13,16.23,15.93,718364.38,11842960.92,16.49,multiply,ETH,2020-06-22
1125,1592870400,16.44,16.3,16.51,682139.82,11180396.41,16.39,multiply,BTC,2020-06-23
1126,1592956800,16.21,15.79,16.39,873778.38,13974468.47,15.99,multiply,BTC,2020-06-24
1127,1593043200,16.02,15.86,15.99,665242.24,10580219.95,15.9,multiply,BTC,2020-06-25
1128,1593129600,15.84,15.62,15.9,547186.96,8624234.73,15.76,multiply,BTC,2020-06-26
1129,1593216000,15.56,15.06,15.76,917967.26,13882407.91,15.12,multiply,BTC,2020-06-27
1130,1593302400,15.43,15.12,15.12,1294630.96,19919318.73,15.39,multiply,BTC,2020-06-28
1131,1593388800,15.67,15.41,15.39,1171921.58,18141595.62,15.48,multiply,BTC,2020-06-29
1132,1593475200,15.46,15.32,15.48,1278246.28,19690218.72,15.4,multiply,BTC,2020-06-30
1133,1593561600,15.93,15.52,15.4,1114770.27,17642597.95,15.83,multiply,BTC,2020-07-01
1134,1593648000,15.71,15.28,15.83,1071885.51,16471484.56,15.37,multiply,BTC,2020-07-02
1135,1593734400,15.39,15.26,15.37,1019542.48,15584778.92,15.29,multiply,BTC,2020-07-03
1136,1593820800,15.57,15.38,15.29,1134100.18,17656994.64,15.57,multiply,BTC,2020-07-04
1137,1593907200,15.51,15.37,15.57,1038243.75,16094873.38,15.5,multiply,BTC,2020-07-05
1138,1593993600,16.35,15.81,15.5,1178283.66,19218516.12,16.31,multiply,BTC,2020-07-06
1139,1594080000,16.83,16.05,16.31,1718653.19,28860962.3,16.79,multiply,BTC,2020-07-07
1140,1594166400,17.6,16.98,16.79,1541774.07,26617645.14,17.26,multiply,BTC,2020-07-08
1141,1594252800,17.18,16.52,17.26,1276259.25,21483740.21,16.83,multiply,BTC,2020-07-09
1142,1594339200,17.42,16.71,16.83,1095544.03,18957957.7,17.3,multiply,BTC,2020-07-10
1143,1594425600,17.66,17.09,17.28,250462.07,4413332.65,17.62,multiply,ETH,2020-07-11
1144,1594512000,18.68,17.73,17.63,1270696.76,23270994.76,18.31,multiply,BTC,2020-07-12
1145,1594598400,18.83,17.65,18.31,1656588.17,30484331.55,18.4,multiply,BTC,2020-07-13
1146,1594684800,18.8,17.94,18.4,1272923.73,23046122.37,18.1,multiply,BTC,2020-07-14
1147,1594771200,18.01,17.4,18.1,1034794.58,18208062.35,17.6,multiply,BTC,2020-07-15
1148,1594857600,17.58,16.66,17.6,966155.12,16571691.59,17.15,multiply,BTC,2020-07-16
1149,1594944000,17.56,17.01,17.15,855831.41,14615386.75,17.08,multiply,BTC,2020-07-17
1150,1595030400,17.3,16.92,17.08,829914.03,14242487.8,17.16,multiply,BTC,2020-07-18
1151,1595116800,18.42,17.2,17.15,242985.32,4376959.2,18.01,multiply,ETH,2020-07-19
1152,1595203200,18.27,17.28,18.02,1255209.49,21936730.08,17.48,multiply,BTC,2020-07-20
